Date,PAYEMS,JTSJOL,CPIAUCSL,DGORDER,HSN1F,RSAFS,UNRATE,HOUST,INDPRO,PPIFIS,DSPIC96,BOPTEXP,BOPTIMP,WHLSLRIMSA,TTLCONS,IR,CPILFESL,PCEPILFE,PCEPI,PERMIT,TCU,BUSINV,IQ,GACDISA066MSFRBNY,PCEC96,GACDFSA066MSFRBPHI,GDPC1,ULCNFB,A261RX1Q020SBEA
1985-01-01,96373.0,,105.7,,645.0,,7.3,1711.0,56.6447,,5433.6,,,,,,107.1,55.854,55.732,1660.0,79.9,,,,,5.5,,,
1985-02-01,96497.0,,106.3,,682.0,,7.2,1632.0,56.8492,,5384.1,,,,,,107.7,56.153,55.998,1662.0,80.0,,,,,10.9,,,
1985-03-01,96843.0,,106.8,,671.0,,7.2,1800.0,56.9349,,5358.6,,,,,75.5,108.1,56.358,56.224,1727.0,79.9,,84.0,,,31.0,7469.5,65.64,7407.5
1985-04-01,97039.0,,107.0,,620.0,,7.3,1821.0,56.7821,,5450.3,,,,,,108.4,56.431,56.31,1664.0,79.5,,,,,10.0,,,
1985-05-01,97313.0,,107.2,,678.0,,7.2,1680.0,56.8643,,5578.0,,,,,,108.8,56.633,56.45,1709.0,79.4,,,,,8.0,,,
1985-06-01,97459.0,,107.5,,722.0,,7.4,1676.0,56.9021,,5459.2,,,,,75.8,109.1,56.827,56.609,1716.0,79.3,,84.4,,,-2.4,7537.9,66.037,7461.5
1985-07-01,97649.0,,107.7,,766.0,,7.4,1684.0,56.5347,,5472.0,,,,,,109.4,56.995,56.749,1697.0,78.6,,,,,11.5,,,
1985-08-01,97842.0,,107.9,,726.0,,7.1,1743.0,56.7647,,5468.0,,,,,,109.8,57.274,56.938,1808.0,78.7,,,,,6.9,,,
1985-09-01,98045.0,,108.1,,678.0,,7.1,1676.0,57.0097,,5492.3,,,,,76.0,110.0,57.39,57.032,1916.0,78.9,,83.7,,,2.3,7655.2,66.179,7552.9
1985-10-01,98233.0,,108.5,,655.0,,7.1,1834.0,56.7733,,5520.8,,,,,,110.5,57.479,57.124,1743.0,78.5,,,,,6.2,,,
1985-11-01,98442.0,,109.0,,733.0,,7.0,1698.0,56.9625,,5533.2,,,,,,111.1,57.615,57.286,1692.0,78.6,,,,,19.7,,,
1985-12-01,98609.0,,109.5,,721.0,,7.0,1942.0,57.5636,,5567.2,,,,,77.8,111.4,57.773,57.479,1794.0,79.3,,83.8,,,13.5,7712.6,67.149,7595.7
1986-01-01,98734.0,,109.9,,733.0,,6.7,1972.0,57.8223,,5571.0,,,,,,111.9,58.089,57.748,1847.0,79.6,,,,,22.4,,,
1986-02-01,98841.0,,109.7,,728.0,,7.2,1848.0,57.4367,,5599.9,,,,,,112.2,58.241,57.75,1767.0,78.9,,,,,19.8,,,
1986-03-01,98935.0,,109.1,,880.0,,7.2,1876.0,57.0389,,5657.3,,,,,75.0,112.5,58.415,57.622,1780.0,78.3,,83.6,,,14.0,7784.1,67.346,7673.0
1986-04-01,99122.0,,108.7,,857.0,,7.1,1933.0,57.0948,,5680.0,,,,,,112.9,58.514,57.5,1858.0,78.3,,,,,3.2,,,
1986-05-01,99249.0,,109.0,,789.0,,7.2,1854.0,57.2011,,5687.3,,,,,,113.1,58.609,57.601,1797.0,78.4,,,,,1.9,,,
1986-06-01,99155.0,,109.4,,728.0,,7.2,1847.0,57.0118,,5684.5,,,,,75.1,113.4,58.78,57.81,1790.0,78.1,,83.3,,,2.8,7819.8,67.557,7693.4
1986-07-01,99473.0,,109.5,,698.0,,7.0,1782.0,57.3217,,5715.9,,,,,,113.8,58.882,57.822,1780.0,78.4,,,,,11.8,,,
1986-08-01,99587.0,,109.6,,621.0,,6.9,1807.0,57.2544,,5725.3,,,,,,114.2,58.998,57.891,1726.0,78.2,,,,,6.8,,,
1986-09-01,99934.0,,110.0,,763.0,,7.0,1687.0,57.371,,5731.3,,,,,76.9,114.6,59.188,58.077,1686.0,78.3,,82.4,,,10.6,7898.6,68.063,7744.5
1986-10-01,100120.0,,110.2,,669.0,,7.0,1681.0,57.6276,,5727.9,,,,,,115.0,59.386,58.18,1675.0,78.6,,,,,9.1,,,
1986-11-01,100306.0,,110.4,,707.0,,6.9,1623.0,57.9,,5732.3,,,,,,115.3,59.511,58.283,1644.0,78.8,,,,,16.4,,,
1986-12-01,100511.0,,110.8,,784.0,,6.6,1833.0,58.3863,,5742.9,,,,,77.7,115.6,59.588,58.361,1903.0,79.4,,83.3,,,22.8,7939.5,69.133,7805.6
1987-01-01,100683.0,,111.4,,709.0,,6.6,1774.0,58.2024,,5759.2,,,,,,115.9,59.722,58.628,1690.0,79.0,,,,,5.8,,,
1987-02-01,100915.0,,111.8,,732.0,,6.6,1784.0,58.9506,,5789.9,,,,,,116.2,59.848,58.838,1689.0,79.8,,,,,9.3,,,
1987-03-01,101164.0,,112.2,,713.0,,6.6,1726.0,59.0498,,5796.1,,,,,80.8,116.6,60.028,58.997,1704.0,79.8,,84.3,,,5.6,7995.0,69.823,7884.2
1987-04-01,101502.0,,112.7,,735.0,,6.3,1614.0,59.4256,,5577.4,,,,,,117.3,60.273,59.209,1601.0,80.2,,,,,14.2,,,
1987-05-01,101728.0,,113.0,,651.0,,6.3,1628.0,59.802,,5803.3,,,,,,117.7,60.438,59.356,1500.0,80.5,,,,,19.7,,,
1987-06-01,101900.0,,113.5,,637.0,,6.2,1594.0,60.086,,5795.4,,,,,83.6,117.9,60.599,59.576,1522.0,80.7,,86.0,,,13.0,8084.7,69.824,8009.4
1987-07-01,102247.0,,113.8,,658.0,,6.1,1575.0,60.4962,,5812.7,,,,,,118.3,60.756,59.713,1516.0,81.1,,,,,15.5,,,
1987-08-01,102418.0,,114.3,,657.0,,6.0,1605.0,60.9931,,5837.8,,,,,,118.7,60.958,59.948,1511.0,81.7,,,,,30.1,,,
1987-09-01,102646.0,,114.7,,666.0,,5.9,1695.0,61.1611,,5838.2,,,,,84.3,119.2,61.202,60.151,1514.0,81.8,,86.6,,,26.3,8158.0,70.537,8129.2
1987-10-01,103138.0,,115.0,,650.0,,6.0,1515.0,62.0403,,5874.9,,,,,,119.8,61.47,60.348,1447.0,82.8,,,,,27.2,,,
1987-11-01,103370.0,,115.4,,625.0,,5.8,1656.0,62.3758,,5897.1,,,,,,120.1,61.602,60.465,1457.0,83.1,,,,,11.8,,,
1987-12-01,103664.0,,115.6,,595.0,,5.7,1400.0,62.6829,,5950.6,,,,,85.5,120.4,61.73,60.576,1345.0,83.5,,88.3,,,29.9,8292.7,70.779,8236.0
1988-01-01,103758.0,,116.0,,585.0,,5.7,1271.0,62.7075,,5963.8,,,,,,120.9,62.014,60.805,1244.0,83.4,,,,,3.5,,,
1988-02-01,104211.0,,116.2,,663.0,,5.7,1473.0,62.9816,,5996.9,,,,,,121.2,62.139,60.893,1438.0,83.7,,,,,18.3,,,
1988-03-01,104487.0,,116.5,,669.0,,5.7,1532.0,63.1391,,6020.3,,,,,86.5,121.7,62.404,61.103,1525.0,83.9,,89.8,,,12.8,8339.3,71.773,8335.5
1988-04-01,104732.0,,117.2,,699.0,,5.4,1573.0,63.4832,,6041.6,,,,,,122.3,62.709,61.401,1429.0,84.3,,,,,26.8,,,
1988-05-01,104961.0,,117.5,,684.0,,5.6,1421.0,63.4184,,6050.4,,,,,,122.7,62.923,61.58,1444.0,84.2,,,,,17.8,,,
1988-06-01,105324.0,,118.0,,717.0,,5.4,1478.0,63.5827,,6073.7,,,,,88.8,123.2,63.187,61.841,1485.0,84.4,,92.2,,,17.4,8449.5,72.42,8432.7
1988-07-01,105546.0,,118.5,,679.0,,5.4,1467.0,63.6223,,6098.4,,,,,,123.6,63.446,62.142,1439.0,84.4,,,,,23.7,,,
1988-08-01,105670.0,,119.0,,688.0,,5.6,1493.0,63.8851,,6116.7,,,,,,124.0,63.603,62.325,1460.0,84.7,,,,,15.2,,,
1988-09-01,106009.0,,119.5,,703.0,,5.4,1492.0,63.704,,6125.6,,,,,87.6,124.7,63.945,62.63,1436.0,84.4,,94.1,,,25.6,8498.3,73.074,8507.6
1988-10-01,106277.0,,119.9,,718.0,,5.4,1522.0,64.022,,6159.5,,,,,,125.2,64.184,62.831,1516.0,84.8,,,,,27.2,,,
1988-11-01,106616.0,,120.3,,628.0,,5.3,1569.0,64.1173,,6162.0,,,,,,125.6,64.358,62.975,1508.0,84.8,,,,,27.2,,,
1988-12-01,106906.0,,120.7,,658.0,,5.3,1563.0,64.421,,6196.4,,,,,89.3,126.0,64.563,63.165,1501.0,85.1,,93.8,,,22.7,8610.9,73.321,8625.0
1989-01-01,107168.0,,121.2,,719.0,,5.4,1621.0,64.6158,,6224.8,,,,,91.1,126.5,64.881,63.482,1466.0,85.3,,94.9,,,28.2,,,
1989-02-01,107426.0,,121.6,,622.0,,5.2,1425.0,64.3268,,6244.7,,,,,90.6,126.9,65.037,63.686,1383.0,84.8,,94.6,,,20.1,,,
1989-03-01,107619.0,,122.2,,567.0,,5.0,1422.0,64.4548,,6276.6,,,,,91.3,127.4,65.227,63.919,1214.0,84.8,,95.2,,,17.9,8697.7,73.704,8681.7
1989-04-01,107792.0,,123.1,,608.0,,5.2,1339.0,64.527,,6244.0,,,,,92.0,127.8,65.442,64.341,1376.0,84.7,,95.0,,,4.1,,,
1989-05-01,107910.0,,123.7,,656.0,,5.2,1331.0,64.0662,,6215.1,,,,,92.6,128.3,65.637,64.575,1381.0,84.0,,95.4,,,-10.2,,,
1989-06-01,108026.0,,124.1,,642.0,,5.3,1397.0,64.0963,,6232.2,,,,,91.5,128.8,65.806,64.713,1322.0,83.8,,95.2,,,-7.6,8766.1,73.699,8664.6
1989-07-01,108066.0,,124.5,,731.0,,5.2,1427.0,63.531,,6256.9,,,,,90.5,129.2,65.967,64.86,1283.0,82.9,,94.7,,,-16.9,,,
1989-08-01,108115.0,,124.5,,697.0,,5.2,1332.0,64.0964,,6272.6,,,,,90.0,129.5,66.055,64.864,1334.0,83.5,,94.0,,,-9.5,,,
1989-09-01,108365.0,,124.8,,639.0,,5.3,1279.0,63.8684,,6289.0,,,,,90.4,129.9,66.28,65.006,1314.0,83.0,,94.4,,,-5.4,8831.5,73.966,8697.8
1989-10-01,108476.0,,125.4,,645.0,,5.3,1410.0,63.8287,,6318.1,,,,,90.9,130.6,66.521,65.261,1365.0,82.7,,94.6,,,-7.0,,,
1989-11-01,108753.0,,125.9,,684.0,,5.4,1351.0,64.044,,6325.1,,,,,91.1,131.1,66.696,65.401,1344.0,82.8,,94.2,,,-4.2,,,
1989-12-01,108849.0,,126.3,,630.0,,5.4,1251.0,64.4375,,6326.7,,,,,91.6,131.6,66.884,65.589,1422.0,83.1,,94.4,,,-2.1,8850.2,74.958,8704.5
1990-01-01,109184.0,,127.5,,620.0,,5.4,1551.0,64.001,,6366.2,,,,,92.5,132.1,67.132,66.077,1748.0,82.4,,95.2,,,-7.5,,,
1990-02-01,109433.0,,128.0,,591.0,,5.3,1437.0,64.6509,,6382.0,,,,,92.7,132.7,67.453,66.365,1329.0,83.0,,94.6,,,-22.1,,,
1990-03-01,109647.0,,128.6,,574.0,,5.2,1289.0,64.9757,,6381.0,,,,,92.4,133.5,67.769,66.608,1246.0,83.2,,94.8,,,-21.8,8947.1,75.85,8795.4
1990-04-01,109687.0,,128.9,,542.0,,5.4,1248.0,64.8976,,6419.2,,,,,91.6,134.0,67.976,66.752,1136.0,83.0,,95.1,,,-9.0,,,
1990-05-01,109838.0,,129.1,,534.0,,5.4,1212.0,65.0068,,6405.2,,,,,91.2,134.4,68.176,66.896,1067.0,82.9,,95.3,,,-16.5,,,
1990-06-01,109862.0,,129.9,,545.0,,5.2,1177.0,65.2286,,6419.4,,,,,90.8,135.1,68.439,67.191,1108.0,83.0,,95.1,,,-8.6,8981.7,76.732,8845.3
1990-07-01,109830.0,,130.5,,542.0,,5.5,1171.0,65.1543,,6442.5,,,,,90.5,135.8,68.602,67.348,1078.0,82.8,,95.3,,,-18.1,,,
1990-08-01,109614.0,,131.6,,528.0,,5.7,1115.0,65.3528,,6404.7,,,,,93.3,136.6,68.889,67.797,1069.0,82.9,,95.4,,,-18.2,,,
1990-09-01,109525.0,,132.5,,496.0,,5.9,1110.0,65.4459,,6404.0,,,,,96.5,137.1,69.133,68.215,976.0,82.9,,95.8,,,-43.4,8983.9,77.492,8837.0
1990-10-01,109366.0,,133.4,,465.0,,5.9,1014.0,64.945,,6353.2,,,,,99.3,137.6,69.364,68.602,925.0,82.1,,96.6,,,-48.2,,,
1990-11-01,109216.0,,133.7,,493.0,,6.2,1145.0,64.1877,,6354.9,,,,,98.7,138.0,69.443,68.685,941.0,81.1,,96.7,,,-27.1,,,
1990-12-01,109160.0,,134.2,,464.0,,6.3,969.0,63.7612,,6390.3,,,,,98.4,138.6,69.53,68.741,861.0,80.4,,96.3,,,-37.1,8907.4,78.771,8794.8
1991-01-01,109040.0,,134.7,,401.0,,6.4,798.0,63.4795,,6369.3,,,,,97.0,139.5,69.869,68.996,786.0,80.0,,96.8,,,-32.0,,,
1991-02-01,108735.0,,134.8,,482.0,,6.6,965.0,63.049,,6379.4,,,,,95.0,140.2,70.049,69.021,853.0,79.3,,96.7,,,-22.2,,,
1991-03-01,108577.0,,134.8,,507.0,,6.8,921.0,62.7082,,6390.6,,,,,95.0,140.5,70.19,69.032,911.0,78.8,,96.4,,,-11.6,8865.6,79.133,8783.3
1991-04-01,108366.0,,135.1,,508.0,,6.7,1001.0,62.8463,,6412.7,,,,,94.2,140.9,70.326,69.154,916.0,78.9,,96.6,,,-6.5,,,
1991-05-01,108241.0,,135.6,,517.0,,6.9,996.0,63.4638,,6412.9,,,,,94.0,141.3,70.607,69.44,991.0,79.6,,96.4,,,3.9,,,
1991-06-01,108338.0,,136.0,,516.0,,6.9,1036.0,64.0488,,6445.9,,,,,93.4,141.8,70.758,69.557,964.0,80.2,,96.1,,,13.0,8934.4,79.312,8806.3
1991-07-01,108298.0,,136.2,,511.0,,6.8,1063.0,64.1013,,6432.8,,,,,92.8,142.3,70.973,69.667,973.0,80.2,,95.7,,,19.9,,,
1991-08-01,108308.0,,136.6,,526.0,,6.9,1049.0,64.1515,,6445.0,,,,,93.1,142.9,71.166,69.827,944.0,80.2,,96.0,,,27.0,,,
1991-09-01,108340.0,,137.0,,487.0,,6.9,1015.0,64.7177,,6463.7,,,,,93.3,143.4,71.449,70.067,974.0,80.8,,95.6,,,20.0,8977.3,79.67,8829.6
1991-10-01,108357.0,,137.2,,524.0,,7.0,1079.0,64.6012,,6474.0,,,,,94.1,143.7,71.605,70.197,991.0,80.5,,96.6,,,9.5,,,
1991-11-01,108299.0,,137.8,,575.0,,7.0,1103.0,64.5274,,6486.7,,,,,94.5,144.2,71.736,70.348,984.0,80.3,,96.7,,,1.3,,,
1991-12-01,108325.0,,138.2,,558.0,,7.3,1079.0,64.2613,,6546.2,,,,,94.3,144.7,71.907,70.52,1061.0,79.9,,95.7,,,-18.8,9016.4,80.22,8862.7
1992-01-01,108377.0,,138.3,,676.0,164083.0,7.3,1176.0,63.8916,,6616.3,50251.0,52277.0,188403.0,,94.0,145.1,72.099,70.613,1077.0,79.2,808281.0,95.7,,,-2.2,,,
1992-02-01,108314.0,,138.6,114535.0,639.0,164260.0,7.4,1250.0,64.3381,,6649.9,51682.0,52513.0,189335.0,,94.0,145.4,72.292,70.789,1146.0,79.6,809588.0,96.3,,,0.6,,,
1992-03-01,108368.0,,139.1,120025.0,553.0,163747.0,7.4,1297.0,64.902,,6659.6,50294.0,52935.0,190547.0,,93.9,145.9,72.473,70.962,1082.0,80.2,812709.0,96.2,,,15.0,9123.0,80.71,9017.6
1992-04-01,108527.0,,139.4,124470.0,546.0,164759.0,7.4,1099.0,65.3746,,6679.4,50302.0,53411.0,189951.0,,93.6,146.3,72.71,71.153,1054.0,80.6,815477.0,96.4,,,20.0,,,
1992-05-01,108653.0,,139.7,125822.0,554.0,165617.0,7.6,1214.0,65.5902,,6712.9,50044.0,53963.0,189115.0,,94.0,146.8,72.813,71.248,1056.0,80.7,815010.0,96.7,,,17.0,,,
1992-06-01,108721.0,,140.1,122834.0,596.0,166098.0,7.8,1145.0,65.6132,,6741.7,51727.0,54551.0,192831.0,,94.8,147.1,72.869,71.374,1057.0,80.5,820470.0,96.5,,,15.0,9223.5,80.774,9091.2
1992-07-01,108792.0,,140.5,122590.0,627.0,167305.0,7.7,1139.0,66.1891,,6736.8,52533.0,55313.0,191989.0,,95.3,147.6,73.144,71.609,1089.0,81.1,825008.0,96.6,,,27.5,,,
1992-08-01,108930.0,,140.8,120411.0,636.0,167797.0,7.6,1226.0,65.8651,,6759.6,50940.0,55395.0,192602.0,,95.7,147.9,73.21,71.704,1075.0,80.5,826136.0,96.3,,,16.7,,,
1992-09-01,108966.0,,141.1,120711.0,650.0,169407.0,7.6,1186.0,66.0268,,6725.8,51984.0,55515.0,193344.0,,95.9,148.1,73.331,71.823,1114.0,80.5,827501.0,96.6,,,21.0,9313.2,80.985,9120.1
1992-10-01,109148.0,,141.7,127392.0,621.0,170681.0,7.3,1244.0,66.511,,6682.5,53035.0,56556.0,193625.0,,96.6,148.8,73.615,72.078,1132.0,81.0,827915.0,96.3,,,-4.8,,,
1992-11-01,109284.0,,142.1,122374.0,614.0,171025.0,7.4,1214.0,66.8027,,6685.9,52246.0,56214.0,195300.0,,96.0,149.2,73.779,72.223,1118.0,81.2,829834.0,96.2,,,18.2,,,
1992-12-01,109496.0,,142.3,126080.0,650.0,172995.0,7.4,1227.0,66.8587,,6922.8,51843.0,57446.0,196914.0,,94.4,149.6,73.917,72.35,1176.0,81.1,835800.0,96.3,,,25.4,9406.5,81.068,9209.7
1993-01-01,109805.0,,142.8,121637.0,596.0,175078.0,7.3,1210.0,67.1432,,6793.6,52568.0,56439.0,197552.0,458080.0,94.3,150.1,74.129,72.524,1177.0,81.3,835995.0,96.4,,,31.1,,,
1993-02-01,110047.0,,143.1,128854.0,604.0,173770.0,7.1,1210.0,67.4314,,6817.1,52480.0,56076.0,197207.0,462967.0,94.2,150.6,74.271,72.633,1148.0,81.5,838105.0,96.7,,,34.3,,,
1993-03-01,109998.0,,143.3,126762.0,602.0,172328.0,7.0,1083.0,67.3651,,6794.6,53035.0,59813.0,198831.0,458399.0,94.7,150.8,74.431,72.781,1056.0,81.3,844816.0,96.6,,,16.2,9424.1,80.946,9171.9
1993-04-01,110306.0,,143.8,127395.0,701.0,176766.0,7.1,1258.0,67.5583,,6825.9,53139.0,59584.0,199622.0,469425.0,95.2,151.4,74.651,72.977,1104.0,81.5,846790.0,96.8,,,23.3,,,
1993-05-01,110572.0,,144.2,126529.0,626.0,178445.0,7.1,1260.0,67.3459,,6814.5,54229.0,58598.0,199395.0,468998.0,95.5,151.8,74.904,73.203,1112.0,81.1,847301.0,97.1,,,14.8,,,
1993-06-01,110754.0,,144.3,130212.0,653.0,178201.0,7.0,1280.0,67.4753,,6800.8,52346.0,59275.0,199698.0,480247.0,95.0,152.1,74.976,73.229,1130.0,81.1,849144.0,96.9,,,3.5,9480.1,82.037,9284.9
1993-07-01,111055.0,,144.5,128111.0,655.0,180759.0,6.9,1254.0,67.6707,,6817.1,52818.0,59200.0,199737.0,483571.0,94.5,152.3,75.13,73.345,1174.0,81.3,849350.0,97.0,,,-3.2,,,
1993-08-01,111211.0,,144.8,129378.0,645.0,180692.0,6.8,1300.0,67.5985,,6826.9,53224.0,58805.0,201788.0,491494.0,94.4,152.8,75.272,73.471,1230.0,81.1,850895.0,97.0,,,-0.3,,,
1993-09-01,111451.0,,145.0,127233.0,726.0,181800.0,6.7,1343.0,67.9241,,6809.3,53648.0,60679.0,202858.0,497297.0,94.5,152.9,75.387,73.55,1251.0,81.3,855006.0,96.9,,,7.3,9526.3,81.932,9300.8
1993-10-01,111737.0,,145.6,133168.0,704.0,182910.0,6.8,1392.0,68.439,,6772.6,55476.0,62069.0,202074.0,492823.0,94.9,153.4,75.51,73.78,1287.0,81.8,855355.0,96.9,,,8.9,,,
1993-11-01,112000.0,,146.0,130391.0,769.0,184746.0,6.6,1376.0,68.7289,,6791.6,54345.0,61361.0,203158.0,515934.0,94.4,153.9,75.702,73.917,1357.0,82.0,859061.0,97.0,,,18.9,,,
1993-12-01,112312.0,,146.3,133565.0,812.0,186339.0,6.5,1533.0,69.0884,,7023.2,55552.0,61271.0,204842.0,533150.0,93.5,154.3,75.734,73.934,1461.0,82.3,863093.0,97.3,,,41.4,9653.5,82.176,9482.3
1994-01-01,112583.0,,146.3,138498.0,619.0,185128.0,6.6,1272.0,69.3476,,6892.9,55159.0,61365.0,204844.0,513314.0,93.5,154.5,75.793,73.958,1390.0,82.4,863036.0,98.0,,,27.2,,,
1994-02-01,112783.0,,146.7,137141.0,686.0,188077.0,6.6,1337.0,69.3617,,6908.4,53729.0,62974.0,206498.0,513196.0,93.9,154.8,75.956,74.127,1269.0,82.2,867675.0,98.0,,,21.3,,,
1994-03-01,113248.0,,147.1,136548.0,747.0,191588.0,6.5,1564.0,70.0831,,6930.4,58307.0,64772.0,205748.0,521040.0,94.0,155.3,76.216,74.333,1342.0,82.9,868782.0,98.2,,,19.8,9748.2,81.373,9533.5
1994-04-01,113598.0,,147.2,140336.0,692.0,191632.0,6.4,1465.0,70.4425,,6932.6,56436.0,64323.0,206510.0,528063.0,94.7,155.5,76.329,74.42,1392.0,83.1,871997.0,98.2,,,16.8,,,
1994-05-01,113931.0,,147.5,142630.0,691.0,190940.0,6.1,1526.0,70.824,,7016.1,57342.0,65070.0,210080.0,532328.0,95.5,155.9,76.5,74.528,1396.0,83.3,882951.0,98.5,,,22.1,,,
1994-06-01,114246.0,,147.9,145063.0,621.0,193196.0,6.1,1409.0,71.2811,,7002.8,58451.0,66831.0,209820.0,536198.0,96.3,156.4,76.666,74.708,1357.0,83.6,888685.0,98.5,,,25.0,9881.4,82.029,9683.7
1994-07-01,114619.0,,148.4,145013.0,628.0,193763.0,6.1,1439.0,71.3953,,7008.8,58492.0,67230.0,211902.0,537232.0,97.2,156.7,76.829,74.944,1335.0,83.5,894306.0,98.7,,,17.7,,,
1994-08-01,114901.0,,149.0,145884.0,656.0,196157.0,6.0,1450.0,71.8011,,7019.1,60407.0,68710.0,213360.0,537960.0,97.6,157.1,76.91,75.111,1377.0,83.7,902171.0,98.9,,,18.5,,,
1994-09-01,115254.0,,149.3,145487.0,677.0,197754.0,5.9,1474.0,72.0617,,7048.2,60715.0,69026.0,215081.0,538215.0,97.2,157.5,77.027,75.195,1412.0,83.7,908038.0,99.1,,,18.4,9939.7,82.456,9774.9
1994-10-01,115467.0,,149.4,149547.0,715.0,199579.0,5.8,1450.0,72.6829,,7113.4,59861.0,69019.0,218049.0,533273.0,97.9,157.8,77.207,75.322,1397.0,84.2,913451.0,99.7,,,26.1,,,
1994-11-01,115887.0,,149.8,150038.0,646.0,199723.0,5.6,1511.0,73.1379,,7111.1,61532.0,71147.0,219673.0,539150.0,98.5,158.2,77.353,75.469,1340.0,84.4,919510.0,100.4,,,24.7,,,
1994-12-01,116164.0,,150.1,152489.0,629.0,200670.0,5.5,1455.0,73.8818,,7144.2,62825.0,71281.0,221978.0,541794.0,98.4,158.3,77.38,75.519,1396.0,85.0,926431.0,101.1,,,23.3,10052.5,82.113,9887.4
1995-01-01,116488.0,,150.5,150459.0,626.0,201583.0,5.6,1407.0,74.0142,,7174.2,63118.0,72442.0,224148.0,543930.0,98.7,159.0,77.567,75.667,1282.0,84.9,935671.0,101.9,,,8.8,,,
1995-02-01,116692.0,,150.9,153856.0,559.0,198383.0,5.4,1316.0,73.9247,,7190.3,63077.0,71894.0,226012.0,537826.0,99.4,159.4,77.687,75.795,1254.0,84.5,942757.0,102.5,,,9.2,,,
1995-03-01,116913.0,,151.2,152888.0,616.0,200230.0,5.4,1249.0,74.0284,,7208.3,64349.0,74057.0,228569.0,542715.0,99.9,159.9,77.872,75.931,1226.0,84.3,951531.0,103.0,,,2.0,10086.9,82.59,9934.0
1995-04-01,117075.0,,151.8,151401.0,621.0,201048.0,5.8,1267.0,74.014,,7153.1,65074.0,74682.0,231002.0,543096.0,100.9,160.4,78.049,76.128,1259.0,84.0,959227.0,104.0,,,-11.2,,,
1995-05-01,117060.0,,152.1,152838.0,674.0,202993.0,5.6,1314.0,74.2239,,7223.3,65755.0,74845.0,231862.0,542566.0,101.8,160.7,78.177,76.24,1271.0,83.9,965662.0,104.3,,,-8.5,,,
1995-06-01,117294.0,,152.4,150051.0,725.0,205507.0,5.6,1281.0,74.4807,,7245.4,64855.0,75478.0,233297.0,546131.0,101.4,161.1,78.238,76.309,1305.0,83.9,969532.0,104.5,,,-20.7,10122.1,82.832,9991.4
1995-07-01,117390.0,,152.6,148915.0,765.0,204959.0,5.7,1461.0,74.1902,,7259.9,66560.0,74247.0,235664.0,547342.0,101.1,161.4,78.362,76.404,1354.0,83.3,972755.0,104.8,,,-20.3,,,
1995-08-01,117643.0,,152.9,154372.0,701.0,206529.0,5.7,1416.0,75.1211,,7265.8,67469.0,74173.0,236003.0,550996.0,100.8,161.8,78.547,76.568,1386.0,84.0,976101.0,104.3,,,1.2,,,
1995-09-01,117887.0,,153.1,160175.0,678.0,206978.0,5.6,1369.0,75.4216,,7289.4,68943.0,74867.0,237075.0,554011.0,100.8,162.2,78.651,76.621,1421.0,84.0,980037.0,104.4,,,26.2,10208.8,83.297,10114.0
1995-10-01,118040.0,,153.5,155473.0,696.0,206157.0,5.5,1369.0,75.3448,,7297.7,68105.0,74219.0,238005.0,555132.0,100.4,162.7,78.84,76.818,1400.0,83.6,984279.0,104.5,,,21.7,,,
1995-11-01,118189.0,,153.7,156146.0,664.0,208661.0,5.6,1452.0,75.531,,7317.5,68009.0,74523.0,238149.0,557445.0,100.6,163.0,78.895,76.819,1430.0,83.4,986800.0,104.5,,,5.5,,,
1995-12-01,118322.0,,153.9,163279.0,709.0,210434.0,5.6,1431.0,75.8317,,7326.1,69071.0,75342.0,238392.0,557953.0,101.0,163.1,79.007,76.968,1442.0,83.4,985410.0,104.4,,,19.6,10281.2,83.465,10178.4
1996-01-01,118303.0,,154.7,155806.0,714.0,208731.0,5.6,1467.0,75.3347,,7337.5,68299.0,76764.0,239788.0,575138.0,101.2,163.7,79.102,77.143,1387.0,82.5,990755.0,104.9,,,-14.7,,,
1996-02-01,118735.0,,155.0,150773.0,769.0,212011.0,5.5,1491.0,76.5148,,7394.6,69899.0,77217.0,239571.0,568052.0,101.0,164.0,79.203,77.263,1420.0,83.4,991286.0,104.7,,,4.8,,,
1996-03-01,119002.0,,155.5,164976.0,721.0,213855.0,5.5,1424.0,76.4339,,7419.1,69797.0,77553.0,239391.0,574538.0,101.6,164.4,79.382,77.492,1437.0,82.9,989178.0,104.6,,,-3.5,10348.7,83.999,10289.1
1996-04-01,119165.0,,156.1,156830.0,736.0,214644.0,5.6,1516.0,77.1163,,7376.4,70126.0,78870.0,242644.0,590464.0,102.5,164.6,79.487,77.721,1463.0,83.3,992104.0,105.2,,,21.3,,,
1996-05-01,119487.0,,156.4,164502.0,746.0,216304.0,5.6,1504.0,77.695,,7470.8,71029.0,80288.0,242517.0,600186.0,101.8,165.0,79.624,77.854,1457.0,83.5,993754.0,105.6,,,19.6,,,
1996-06-01,119774.0,,156.7,164599.0,721.0,216059.0,5.3,1467.0,78.3435,,7515.5,71056.0,78516.0,241659.0,602150.0,100.7,165.4,79.686,77.854,1429.0,83.8,993128.0,105.4,,,21.0,10529.4,83.902,10443.8
1996-07-01,120023.0,,157.0,163588.0,770.0,216374.0,5.5,1472.0,78.208,,7495.6,69404.0,79536.0,241933.0,599899.0,100.6,165.7,79.837,78.02,1450.0,83.3,997579.0,104.9,,,29.4,,,
1996-08-01,120202.0,,157.2,157310.0,826.0,216355.0,5.1,1557.0,78.6658,,7513.8,70563.0,80919.0,241755.0,603959.0,100.7,166.0,79.908,78.097,1413.0,83.4,999982.0,104.7,,,13.8,,,
1996-09-01,120427.0,,157.7,165442.0,770.0,219240.0,5.2,1475.0,79.1997,,7531.8,70553.0,80748.0,240016.0,615466.0,101.8,166.5,80.142,78.31,1392.0,83.6,1000707.0,103.9,,,12.9,10626.8,84.218,10542.3
1996-10-01,120677.0,,158.2,165266.0,720.0,221039.0,5.2,1392.0,79.1389,,7530.8,73769.0,80404.0,240734.0,621761.0,102.4,166.8,80.329,78.544,1358.0,83.1,1004411.0,103.6,,,8.2,,,
1996-11-01,120976.0,,158.7,170783.0,771.0,220989.0,5.4,1489.0,79.8221,,7550.6,74263.0,81531.0,240909.0,620812.0,102.2,167.2,80.441,78.689,1412.0,83.4,1004506.0,103.2,,,11.1,,,
1996-12-01,121147.0,,159.1,162332.0,805.0,221898.0,5.4,1370.0,80.3307,,7577.2,72842.0,83317.0,241058.0,606078.0,102.5,167.4,80.472,78.78,1411.0,83.5,1004679.0,103.2,,,8.1,10739.1,84.584,10673.8
1997-01-01,121381.0,,159.4,161827.0,830.0,223524.0,5.3,1355.0,80.4255,,7602.1,72910.0,84179.0,243449.0,608608.0,102.2,167.8,80.556,78.881,1382.0,83.2,1007758.0,103.3,,,12.8,,,
1997-02-01,121684.0,,159.7,170221.0,801.0,225409.0,5.2,1486.0,81.4045,,7624.6,75225.0,85001.0,243583.0,615415.0,101.2,168.1,80.72,79.045,1445.0,83.8,1010744.0,103.5,,,16.9,,,
1997-03-01,122000.0,,159.8,167568.0,831.0,226136.0,5.2,1457.0,81.9717,,7659.5,77050.0,85433.0,244978.0,620467.0,100.0,168.4,80.91,79.126,1436.0,84.0,1010343.0,103.6,,,13.4,10820.9,85.599,10796.0
1997-04-01,122292.0,,159.9,174054.0,744.0,224588.0,5.1,1492.0,82.0209,,7664.7,77769.0,85855.0,245342.0,616175.0,98.8,168.9,81.063,79.2,1421.0,83.6,1014591.0,103.6,,,6.5,,,
1997-05-01,122552.0,,159.9,168586.0,760.0,222906.0,4.9,1442.0,82.5095,,7696.3,77883.0,86277.0,246725.0,624743.0,98.8,169.2,81.128,79.169,1414.0,83.7,1018535.0,103.4,,,1.1,,,
1997-06-01,122818.0,,160.2,174828.0,793.0,226048.0,5.0,1494.0,82.9253,,7720.6,78889.0,86043.0,251010.0,626396.0,98.8,169.4,81.245,79.268,1402.0,83.6,1024701.0,103.2,,,18.0,10984.2,85.253,10923.2
1997-07-01,123124.0,,160.4,178860.0,805.0,228738.0,4.9,1437.0,83.5464,,7751.8,80099.0,87132.0,249996.0,637410.0,98.5,169.7,81.297,79.312,1440.0,83.8,1026671.0,103.2,,,20.2,,,
1997-08-01,123093.0,,160.8,177302.0,815.0,229317.0,4.8,1390.0,84.434,,7791.7,78622.0,87365.0,250888.0,639593.0,98.4,169.8,81.266,79.377,1449.0,84.2,1028029.0,103.2,,,17.2,,,
1997-09-01,123605.0,,161.2,177835.0,840.0,230284.0,4.9,1546.0,85.1978,,7813.0,79287.0,88556.0,253166.0,646526.0,98.4,170.2,81.421,79.557,1494.0,84.4,1034401.0,102.9,,,19.1,11124.0,85.387,11105.9
1997-10-01,123945.0,,161.5,177801.0,800.0,229822.0,4.7,1520.0,85.9177,,7849.7,79383.0,88472.0,254054.0,653196.0,98.6,170.6,81.543,79.66,1499.0,84.6,1038300.0,102.5,,,19.3,,,
1997-11-01,124251.0,,161.7,191187.0,864.0,230486.0,4.6,1510.0,86.6748,,7898.4,78300.0,88086.0,256109.0,643710.0,98.1,170.8,81.576,79.67,1469.0,84.8,1040120.0,102.5,,,19.8,,,
1997-12-01,124554.0,,161.8,173770.0,793.0,231197.0,4.7,1566.0,86.9454,,7942.9,79038.0,90327.0,258454.0,642021.0,97.2,171.2,81.627,79.657,1456.0,84.5,1045506.0,102.0,,,15.6,11210.3,86.566,11250.9
1998-01-01,124830.0,,162.0,174288.0,872.0,231605.0,4.6,1525.0,87.3838,,8015.0,79008.0,89784.0,259088.0,645686.0,95.9,171.6,81.743,79.688,1555.0,84.4,1048287.0,101.3,,,18.6,,,
1998-02-01,125026.0,,162.0,181270.0,866.0,231664.0,4.6,1584.0,87.482,,8067.0,77931.0,89495.0,261734.0,648121.0,95.0,171.9,81.802,79.639,1647.0,83.9,1055020.0,101.0,,,13.2,,,
1998-03-01,125177.0,,162.0,176886.0,836.0,233043.0,4.7,1567.0,87.552,,8114.0,78812.0,91692.0,263439.0,666906.0,94.1,172.2,81.88,79.645,1605.0,83.4,1060195.0,100.7,,,10.5,11321.2,87.555,11371.1
1998-04-01,125457.0,,162.2,180915.0,866.0,235976.0,4.3,1540.0,87.854,,8140.5,77626.0,91566.0,263284.0,674351.0,93.9,172.5,82.034,79.746,1547.0,83.2,1062374.0,100.3,,,8.7,,,
1998-05-01,125861.0,,162.6,180634.0,887.0,237055.0,4.4,1536.0,88.4226,,8173.6,77147.0,91349.0,265233.0,674325.0,93.7,172.9,82.117,79.858,1554.0,83.2,1061523.0,100.4,,,13.2,,,
1998-06-01,126080.0,,162.8,172189.0,923.0,238958.0,4.5,1641.0,87.8558,,8219.9,76961.0,90208.0,264400.0,703177.0,93.1,173.2,82.018,79.794,1551.0,82.2,1061963.0,99.9,,,24.1,11431.0,88.118,11534.1
1998-07-01,126209.0,,163.2,170459.0,876.0,237423.0,4.5,1698.0,87.5421,,8234.8,76149.0,90098.0,264793.0,696540.0,92.3,173.5,82.243,79.986,1610.0,81.4,1063957.0,99.5,,,8.3,,,
1998-08-01,126551.0,,163.4,179033.0,846.0,236412.0,4.5,1614.0,89.3341,,8261.8,75512.0,91540.0,267204.0,698156.0,92.0,174.0,82.401,80.095,1654.0,82.6,1066374.0,99.0,,,10.4,,,
1998-09-01,126774.0,,163.5,181422.0,864.0,238542.0,4.6,1582.0,89.1794,,8287.3,77179.0,91999.0,268711.0,707561.0,92.2,174.2,82.382,80.044,1577.0,82.0,1070807.0,98.5,,,-14.2,11580.6,88.29,11697.9
1998-10-01,126973.0,,163.9,178527.0,893.0,242531.0,4.5,1715.0,89.8907,,8301.1,79351.0,94166.0,269467.0,707943.0,92.3,174.4,82.538,80.215,1719.0,82.3,1073232.0,98.4,,,3.5,,,
1998-11-01,127255.0,,164.1,182400.0,995.0,244307.0,4.4,1660.0,89.8458,,8335.0,79117.0,94290.0,271044.0,707845.0,91.8,174.8,82.549,80.217,1672.0,81.8,1077587.0,98.6,,,-4.7,,,
1998-12-01,127601.0,,164.4,178424.0,949.0,246577.0,4.4,1792.0,90.1893,,8349.5,78382.0,93127.0,272297.0,706989.0,91.0,175.4,82.697,80.302,1742.0,81.8,1077188.0,98.5,,,4.6,11770.7,88.045,11805.7
1999-01-01,127727.0,,164.7,186527.0,875.0,246891.0,4.3,1748.0,90.6043,,8381.7,78033.0,93980.0,272635.0,708818.0,91.3,175.6,82.854,80.448,1732.0,81.8,1077133.0,98.5,,7582.0,13.7,,,
1999-02-01,128137.0,,164.7,185546.0,848.0,249510.0,4.4,1670.0,91.0816,,8409.0,77635.0,96421.0,274923.0,726308.0,91.2,175.6,82.855,80.428,1720.0,81.9,1082750.0,98.3,,7620.0,15.1,,,
1999-03-01,128244.0,,164.8,184689.0,863.0,250657.0,4.2,1710.0,91.235,,8418.6,78449.0,96350.0,275847.0,737226.0,91.5,175.7,82.874,80.484,1665.0,81.6,1090048.0,97.9,,7654.1,4.3,11864.7,88.646,11952.0
1999-04-01,128620.0,,165.9,182993.0,918.0,252418.0,4.3,1553.0,91.4677,,8402.6,78872.0,97125.0,276188.0,728788.0,92.4,176.3,83.069,80.856,1600.0,81.5,1092922.0,98.1,,7697.8,20.6,,,
1999-05-01,128831.0,,166.0,185963.0,888.0,254738.0,4.2,1611.0,92.1525,,8420.1,78939.0,99168.0,276792.0,727358.0,93.1,176.5,83.126,80.889,1640.0,81.8,1095938.0,98.2,,7731.6,13.1,,,
1999-06-01,129091.0,,166.0,182590.0,923.0,255472.0,4.3,1559.0,92.0042,,8448.9,79234.0,102349.0,276961.0,739167.0,92.9,176.6,83.16,80.906,1702.0,81.4,1098785.0,98.2,,7765.2,5.8,11962.5,88.697,12026.2
1999-07-01,129417.0,,166.7,189083.0,900.0,257441.0,4.3,1669.0,92.5769,,8458.4,80449.0,103870.0,279948.0,745815.0,93.8,177.1,83.308,81.12,1682.0,81.6,1104056.0,98.1,,7778.8,9.8,,,
1999-08-01,129577.0,,167.1,189414.0,893.0,260253.0,4.2,1648.0,92.9517,,8494.4,81943.0,104920.0,280588.0,741524.0,94.8,177.3,83.344,81.263,1671.0,81.6,1105878.0,98.4,,7820.9,13.8,,,
1999-09-01,129791.0,,167.8,188910.0,826.0,261352.0,4.2,1635.0,92.5954,,8488.3,83163.0,106063.0,282127.0,751402.0,95.8,177.8,83.556,81.547,1551.0,81.0,1112276.0,98.5,,7858.2,13.9,12113.1,88.689,12137.4
1999-10-01,130191.0,,168.1,194547.0,872.0,261825.0,4.1,1608.0,93.8128,,8541.3,83565.0,107096.0,285104.0,759906.0,96.0,178.1,83.688,81.677,1649.0,81.8,1115769.0,98.8,,7874.8,16.0,,,
1999-11-01,130484.0,,168.4,186597.0,863.0,264883.0,4.1,1648.0,94.2587,,8601.7,84441.0,109665.0,288823.0,781199.0,96.7,178.4,83.769,81.749,1672.0,81.9,1128342.0,99.0,,7911.9,20.9,,,
1999-12-01,130780.0,,168.8,196344.0,873.0,269876.0,4.0,1708.0,94.9777,,8672.2,85142.0,111479.0,290182.0,789431.0,97.4,178.7,83.888,81.951,1683.0,82.2,1137264.0,99.0,,8015.7,14.2,12323.3,89.059,12335.9
2000-01-01,131010.0,,169.3,201360.0,873.0,268091.0,4.0,1636.0,94.9864,,8744.8,85646.0,112733.0,292768.0,784940.0,97.8,179.3,84.103,82.186,1727.0,81.9,1139998.0,99.2,,7988.5,11.2,,,
2000-02-01,131140.0,,170.0,183911.0,856.0,272020.0,4.1,1737.0,95.2576,,8778.7,86142.0,116071.0,294593.0,793737.0,99.7,179.4,84.229,82.445,1692.0,81.9,1146461.0,99.6,,8065.3,14.6,,,
2000-03-01,131608.0,,171.0,192130.0,900.0,275214.0,4.0,1604.0,95.6407,,8800.6,87368.0,118523.0,296789.0,809459.0,99.9,180.0,84.4,82.797,1651.0,81.9,1150694.0,100.0,,8110.8,19.4,12359.1,92.708,12587.7
2000-04-01,131895.0,,170.9,195044.0,841.0,271004.0,3.8,1626.0,96.3318,,8836.9,88855.0,117655.0,299545.0,804766.0,98.5,180.3,84.445,82.72,1597.0,82.3,1157508.0,100.0,,8101.6,10.0,,,
2000-05-01,132122.0,,171.2,188606.0,857.0,271418.0,4.0,1575.0,96.5139,,8869.8,88017.0,117830.0,301245.0,805005.0,98.8,180.7,84.531,82.784,1543.0,82.1,1163939.0,100.2,,8139.0,13.9,,,
2000-06-01,132075.0,,172.2,219745.0,793.0,273440.0,4.0,1559.0,96.5856,,8890.2,90771.0,121737.0,303182.0,795411.0,100.2,181.1,84.585,83.056,1572.0,81.9,1174272.0,100.1,,8156.0,2.6,12592.5,91.101,12657.5
2000-07-01,132251.0,,172.7,189265.0,887.0,272638.0,4.0,1463.0,96.4624,,8937.1,90421.0,121848.0,304073.0,783795.0,100.2,181.5,84.771,83.256,1542.0,81.6,1175346.0,100.0,,8160.6,4.7,,,
2000-08-01,132241.0,,172.7,188730.0,848.0,272943.0,4.1,1541.0,96.1414,,8985.2,92424.0,122459.0,305053.0,805341.0,100.4,181.9,84.869,83.243,1552.0,81.0,1183272.0,99.8,,8203.8,17.3,,,
2000-09-01,132377.0,,173.6,199947.0,912.0,277523.0,3.9,1507.0,96.5318,,8985.5,92347.0,126365.0,305223.0,814330.0,101.6,182.3,85.079,83.604,1570.0,81.1,1183439.0,100.4,,8269.4,5.5,12607.7,92.921,12751.6
2000-10-01,132363.0,,173.9,186158.0,933.0,276973.0,3.9,1549.0,96.2532,,9000.0,91511.0,124734.0,307282.0,816100.0,101.2,182.6,85.199,83.718,1577.0,80.6,1189917.0,100.3,,8265.8,1.8,,,
2000-11-01,132589.0,,174.2,189392.0,880.0,275923.0,3.9,1551.0,96.2769,,8994.0,91388.0,123996.0,309328.0,820054.0,101.2,183.1,85.344,83.83,1614.0,80.4,1197042.0,100.3,,8272.5,7.1,,,
2000-12-01,132731.0,4736.0,174.6,188659.0,983.0,275736.0,3.9,1532.0,96.0165,,9004.6,90431.0,123885.0,309191.0,811516.0,100.5,183.3,85.403,83.938,1543.0,79.9,1195870.0,100.1,,8314.9,-7.8,12679.3,92.513,12729.0
2001-01-01,132705.0,5385.0,175.6,177056.0,936.0,278916.0,4.2,1600.0,95.3542,,9054.5,90331.0,125148.0,308745.0,814479.0,100.5,183.9,85.683,84.311,1699.0,79.1,1197916.0,100.3,,8314.4,-36.6,,,
2001-02-01,132777.0,4658.0,176.0,180276.0,963.0,278799.0,4.2,1625.0,94.7736,,9073.0,90181.0,119530.0,309036.0,813647.0,99.9,184.4,85.814,84.424,1656.0,78.4,1191628.0,100.2,,8326.3,-29.4,,,
2001-03-01,132752.0,4563.0,176.1,182209.0,939.0,276468.0,4.3,1590.0,94.5456,,9101.3,88454.0,121186.0,309051.0,828057.0,98.3,184.7,85.898,84.427,1659.0,77.9,1186070.0,100.0,,8317.4,-20.8,12643.3,95.047,12876.4
2001-04-01,132471.0,4901.0,176.4,171850.0,909.0,280804.0,4.4,1649.0,94.3111,,9080.8,86748.0,117966.0,310478.0,842392.0,97.8,185.1,86.044,84.584,1666.0,77.5,1184414.0,99.9,,8318.7,-10.8,,,
2001-05-01,132433.0,4550.0,177.3,177749.0,885.0,281540.0,4.3,1605.0,93.6876,,9061.7,87256.0,114702.0,311619.0,848146.0,98.0,185.3,86.074,84.814,1665.0,76.8,1182107.0,99.6,,8351.4,-11.8,,,
2001-06-01,132302.0,4280.0,177.7,176350.0,882.0,280399.0,4.5,1636.0,93.1114,,9062.4,85035.0,114175.0,309196.0,855730.0,97.6,186.0,86.278,84.974,1626.0,76.1,1173167.0,99.4,,8352.1,-7.0,12710.3,93.74,12853.0
2001-07-01,132190.0,4499.0,177.4,170129.0,880.0,279522.0,4.6,1670.0,92.586,,9198.4,82833.0,112914.0,306252.0,850471.0,96.1,186.4,86.503,84.949,1598.0,75.5,1165024.0,99.0,-13.3,8368.8,-12.6,,,
2001-08-01,132033.0,4134.0,177.4,170484.0,866.0,281423.0,4.9,1567.0,92.4101,,9359.0,83787.0,111958.0,305464.0,847465.0,96.0,186.7,86.554,84.946,1615.0,75.2,1163584.0,98.8,-8.0,8412.7,-18.1,,,
2001-09-01,131793.0,3975.0,178.1,164123.0,853.0,276095.0,5.0,1562.0,92.0924,,9290.6,77367.0,108508.0,304703.0,837412.0,95.9,187.1,86.078,84.67,1565.0,74.8,1157220.0,99.0,-12.5,8332.2,-8.2,12670.1,93.341,12807.3
2001-10-01,131468.0,3605.0,177.6,171530.0,871.0,294613.0,5.3,1540.0,91.6854,,9145.7,77883.0,108722.0,302932.0,845941.0,93.7,187.4,86.694,84.978,1566.0,74.3,1139069.0,98.3,-14.7,8531.9,-23.6,,,
2001-11-01,131175.0,3387.0,177.5,163811.0,924.0,286960.0,5.5,1602.0,91.2155,,9167.5,77999.0,107735.0,299419.0,843911.0,92.3,188.1,86.869,84.921,1651.0,73.8,1126307.0,97.8,-21.5,8489.9,-17.7,,,
2001-12-01,131005.0,3385.0,177.4,165304.0,979.0,283708.0,5.7,1568.0,91.2654,,9190.4,77780.0,104618.0,297536.0,849689.0,91.4,188.4,86.888,84.833,1680.0,73.7,1118527.0,97.6,-9.8,8475.6,-11.0,12705.3,93.003,12742.9
2002-01-01,130867.0,3759.0,177.7,162604.0,880.0,283577.0,5.7,1698.0,91.7848,,9385.7,78920.0,108275.0,296625.0,858654.0,91.6,188.7,86.918,84.893,1665.0,74.0,1117593.0,97.5,1.5,8502.4,10.5,,,
2002-02-01,130733.0,3372.0,178.0,171172.0,948.0,285061.0,5.7,1829.0,91.8034,,9395.5,78880.0,111167.0,294141.0,862338.0,91.6,189.1,87.083,85.035,1787.0,73.9,1112391.0,97.3,13.3,8537.6,11.0,,,
2002-03-01,130713.0,3551.0,178.5,168666.0,923.0,284263.0,5.7,1642.0,92.5295,,9391.3,79601.0,110425.0,294220.0,844551.0,92.8,189.2,87.193,85.272,1691.0,74.4,1108261.0,97.6,13.8,8533.8,12.3,12822.3,91.426,12907.7
2002-04-01,130634.0,3472.0,179.3,171197.0,936.0,288820.0,5.9,1592.0,92.9204,,9417.9,81551.0,115217.0,293147.0,858240.0,94.3,189.7,87.452,85.64,1669.0,74.7,1107085.0,98.0,20.2,8577.6,12.6,,,
2002-05-01,130627.0,3596.0,179.5,172743.0,978.0,284994.0,5.8,1764.0,93.2998,,9438.5,81724.0,115645.0,293444.0,850935.0,94.4,190.0,87.565,85.709,1716.0,74.9,1110533.0,98.0,12.9,8543.0,10.1,,,
2002-06-01,130684.0,3365.0,179.6,165875.0,957.0,287401.0,5.8,1717.0,94.1905,,9459.0,82741.0,117641.0,294407.0,846777.0,94.1,190.2,87.706,85.818,1758.0,75.6,1113042.0,98.0,8.9,8583.8,20.4,12893.0,92.163,12986.9
2002-07-01,130599.0,3411.0,180.0,174812.0,956.0,290427.0,5.8,1655.0,93.9664,,9429.7,83036.0,116686.0,296753.0,847129.0,94.5,190.5,87.87,85.996,1738.0,75.4,1119183.0,98.3,-1.9,8633.6,5.9,,,
2002-08-01,130585.0,3490.0,180.5,177665.0,1014.0,292582.0,5.7,1633.0,93.9897,,9422.0,83422.0,119165.0,297560.0,839008.0,94.8,191.1,88.039,86.161,1695.0,75.4,1120477.0,98.5,8.2,8645.8,-1.3,,,
2002-09-01,130526.0,3308.0,180.8,167950.0,1044.0,288434.0,5.7,1804.0,94.1275,,9427.1,82744.0,119263.0,298751.0,832134.0,95.5,191.3,88.173,86.308,1803.0,75.5,1128501.0,98.8,6.3,8604.7,4.4,12955.8,91.902,13003.8
2002-10-01,130652.0,3535.0,181.2,167444.0,1006.0,289634.0,5.7,1648.0,93.7988,,9448.3,82028.0,117199.0,298373.0,839690.0,95.5,191.5,88.253,86.469,1799.0,75.2,1130517.0,98.7,-3.8,8638.6,-7.6,,,
2002-11-01,130662.0,3415.0,181.5,170662.0,1024.0,291475.0,5.9,1753.0,94.2885,,9469.5,83041.0,122665.0,298646.0,844697.0,94.6,191.9,88.339,86.555,1771.0,75.6,1132287.0,98.8,4.0,8665.3,7.4,,,
2002-12-01,130505.0,2943.0,181.8,163155.0,1048.0,293819.0,6.0,1788.0,93.8334,,9497.0,81017.0,124311.0,301281.0,855921.0,95.2,192.1,88.407,86.625,1896.0,75.3,1139031.0,98.6,2.4,8719.2,7.2,12964.0,92.289,13078.9
2003-01-01,130597.0,3824.0,182.6,169107.0,999.0,295294.0,5.8,1853.0,94.3584,,9500.8,82110.0,122850.0,301118.0,863855.0,96.9,192.4,88.432,86.853,1808.0,75.7,1140033.0,98.9,8.1,8727.3,5.5,,,
2003-02-01,130447.0,3381.0,183.6,173001.0,936.0,291178.0,5.9,1629.0,94.6468,,9481.3,82779.0,122142.0,302246.0,859225.0,98.5,192.5,88.541,87.209,1854.0,76.0,1148945.0,99.5,-3.5,8684.9,-1.6,,,
2003-03-01,130238.0,3052.0,183.9,173201.0,999.0,296347.0,5.9,1726.0,94.4394,,9514.9,82580.0,125935.0,303337.0,851132.0,99.1,192.5,88.671,87.421,1757.0,75.9,1149327.0,99.7,6.4,8725.5,-3.9,13031.2,91.947,13099.6
2003-04-01,130194.0,3340.0,183.2,169542.0,1012.0,295643.0,6.0,1643.0,93.764,,9576.2,81429.0,123417.0,304070.0,859459.0,96.0,192.5,88.768,87.271,1803.0,75.3,1150311.0,99.6,-14.5,8779.6,-6.7,,,
2003-05-01,130186.0,3233.0,182.9,171205.0,1078.0,296395.0,6.1,1751.0,93.7793,,9650.6,82172.0,122951.0,302540.0,866814.0,95.3,192.9,88.894,87.17,1835.0,75.4,1145242.0,99.7,15.7,8798.5,-0.6,,,
2003-06-01,130195.0,3334.0,183.1,174113.0,1193.0,299662.0,6.3,1867.0,93.9277,,9683.2,84632.0,124253.0,301697.0,880865.0,96.2,193.0,88.945,87.265,1875.0,75.5,1142156.0,99.5,25.1,8850.4,3.7,13152.1,92.31,13221.5
2003-07-01,130219.0,3270.0,183.7,173055.0,1168.0,302788.0,6.2,1897.0,94.3114,,9792.1,85373.0,126735.0,301837.0,891264.0,96.7,193.4,89.144,87.502,1885.0,75.8,1139420.0,99.4,19.3,8896.1,7.7,,,
2003-08-01,130177.0,3283.0,184.5,174328.0,1206.0,307745.0,6.1,1833.0,94.138,,9852.8,84247.0,124049.0,301292.0,901839.0,96.7,193.6,89.225,87.778,1966.0,75.7,1132679.0,99.4,15.5,8976.4,20.3,,,
2003-09-01,130281.0,3074.0,185.1,178118.0,1131.0,305916.0,6.1,1939.0,94.7363,,9739.0,86224.0,127930.0,302194.0,911589.0,96.2,193.7,89.319,88.026,1961.0,76.2,1136927.0,99.8,20.4,8945.7,20.7,13372.4,91.695,13348.1
2003-10-01,130479.0,3205.0,184.9,183254.0,1144.0,304824.0,6.0,1967.0,94.8514,,9780.6,88195.0,129466.0,305106.0,925732.0,96.3,194.0,89.437,87.998,2012.0,76.3,1142942.0,100.0,36.8,8967.4,28.3,,,
2003-11-01,130496.0,3157.0,185.0,182472.0,1093.0,308551.0,5.8,2083.0,95.6337,,9852.4,90513.0,130355.0,306146.0,925985.0,96.8,194.0,89.536,88.089,1918.0,76.9,1144972.0,100.5,34.0,9026.0,26.9,,,
2003-12-01,130618.0,3214.0,185.5,180958.0,1129.0,307362.0,5.7,2057.0,95.5638,,9869.1,90164.0,134228.0,308305.0,948491.0,97.5,194.2,89.651,88.286,1987.0,76.9,1147613.0,100.8,27.4,9033.0,26.5,13528.7,92.043,13479.1
2004-01-01,130780.0,3459.0,186.3,176855.0,1165.0,309225.0,5.7,1911.0,95.7472,,9879.9,90056.0,134408.0,308614.0,938826.0,99.0,194.6,89.857,88.606,1952.0,77.1,1148861.0,101.5,32.5,9071.5,36.1,,,
2004-02-01,130826.0,3402.0,186.7,180727.0,1159.0,311427.0,5.6,1846.0,96.3214,,9900.7,93882.0,138204.0,312596.0,938656.0,99.4,194.9,90.026,88.815,1966.0,77.5,1158924.0,102.2,37.0,9089.3,27.8,,,
2004-03-01,131158.0,3380.0,187.1,191580.0,1276.0,316935.0,5.8,1998.0,95.8684,,9936.6,96519.0,143003.0,314683.0,960946.0,100.2,195.5,90.196,88.969,2066.0,77.2,1168406.0,103.0,32.6,9128.5,29.6,13606.5,91.935,13581.8
2004-04-01,131407.0,3629.0,187.4,184187.0,1186.0,313531.0,5.6,2003.0,96.2677,,9969.2,95754.0,143232.0,314745.0,967761.0,100.4,195.9,90.418,89.123,2070.0,77.5,1176107.0,103.7,39.0,9135.9,32.3,,,
2004-05-01,131715.0,3660.0,188.2,183593.0,1241.0,318962.0,5.6,1981.0,97.0723,,10020.2,97259.0,145428.0,318348.0,974158.0,101.9,196.2,90.558,89.426,2150.0,78.2,1183322.0,104.1,37.0,9184.6,29.0,,,
2004-06-01,131791.0,3424.0,188.9,185560.0,1180.0,314971.0,5.6,1828.0,96.2562,,10020.5,94853.0,149555.0,320957.0,983072.0,101.7,196.6,90.74,89.715,2020.0,77.6,1195490.0,103.4,27.0,9145.9,30.6,13706.2,92.821,13722.4
2004-07-01,131835.0,3934.0,189.1,187032.0,1088.0,318532.0,5.5,2002.0,97.0032,,10036.4,96474.0,147767.0,326795.0,1006119.0,102.1,196.8,90.889,89.834,2112.0,78.2,1207087.0,103.9,35.0,9207.3,34.7,,,
2004-08-01,131956.0,3619.0,189.2,185137.0,1175.0,318945.0,5.4,2024.0,97.0723,,10065.8,96909.0,150225.0,330144.0,1013724.0,103.6,196.9,90.956,89.908,2056.0,78.2,1216708.0,103.4,15.2,9226.2,25.0,,,
2004-09-01,132120.0,3742.0,189.8,188132.0,1214.0,324607.0,5.4,1905.0,97.1565,,10066.0,98277.0,149765.0,330080.0,1012290.0,104.1,197.5,91.122,90.083,2041.0,78.3,1217241.0,103.8,28.4,9295.6,19.6,13830.8,94.104,13878.8
2004-10-01,132466.0,3792.0,190.8,185578.0,1305.0,326680.0,5.5,2072.0,98.0701,,10075.0,99773.0,154734.0,335181.0,1015562.0,105.8,197.9,91.275,90.43,2097.0,79.0,1224943.0,104.4,24.6,9309.5,26.9,,,
2004-11-01,132530.0,3238.0,191.7,192940.0,1179.0,327837.0,5.4,1782.0,98.2541,,10051.2,99533.0,158352.0,339295.0,1023210.0,105.5,198.3,91.421,90.734,2079.0,79.1,1238657.0,104.7,15.3,9323.0,19.2,,,
2004-12-01,132660.0,3650.0,191.7,192834.0,1242.0,331877.0,5.4,2042.0,98.9703,,10418.5,102259.0,156760.0,340147.0,1037684.0,104.0,198.6,91.549,90.793,2082.0,79.7,1241070.0,104.8,21.6,9381.0,25.5,13950.4,94.211,13949.0
2005-01-01,132794.0,3670.0,191.6,193240.0,1203.0,329187.0,5.3,2144.0,99.417,,10070.4,103059.0,158620.0,345077.0,1045913.0,104.6,199.0,91.813,90.854,2139.0,80.0,1252690.0,105.6,15.6,9379.8,13.4,,,
2005-02-01,133033.0,3845.0,192.4,195227.0,1319.0,332847.0,5.4,2207.0,100.0955,,10074.5,103867.0,161321.0,347014.0,1066374.0,105.5,199.4,91.978,91.12,2114.0,80.4,1261588.0,105.7,17.2,9412.3,21.1,,,
2005-03-01,133169.0,3831.0,193.1,187090.0,1328.0,332517.0,5.2,1864.0,99.9283,,10105.9,104805.0,157424.0,348963.0,1071467.0,107.8,200.1,92.204,91.392,2062.0,80.2,1269402.0,106.4,24.2,9435.5,15.1,14099.1,93.897,14084.9
2005-04-01,133534.0,4243.0,193.7,195130.0,1260.0,337608.0,5.2,2061.0,100.0742,,10125.6,106865.0,163980.0,352174.0,1080952.0,108.8,200.2,92.321,91.655,2150.0,80.2,1275059.0,106.9,8.3,9510.4,25.3,,,
2005-05-01,133708.0,3884.0,193.6,206420.0,1286.0,334551.0,5.1,2025.0,100.2414,,10167.5,106231.0,162495.0,352631.0,1093516.0,107.9,200.5,92.544,91.738,2085.0,80.3,1275921.0,106.7,-4.9,9463.2,9.3,,,
2005-06-01,133955.0,4022.0,193.7,209180.0,1274.0,344034.0,5.0,2068.0,100.6437,,10196.8,106314.0,164574.0,354436.0,1105851.0,109.2,200.6,92.603,91.792,2178.0,80.5,1276189.0,106.7,7.7,9560.7,-1.3,14172.7,94.507,14185.8
2005-07-01,134331.0,4319.0,194.9,197076.0,1389.0,346715.0,5.0,2054.0,100.3278,,10222.5,106679.0,164742.0,355779.0,1118698.0,110.5,200.9,92.741,92.181,2203.0,80.1,1270684.0,106.8,23.8,9620.8,8.1,,,
2005-08-01,134525.0,4073.0,196.1,204803.0,1255.0,342950.0,4.9,2095.0,100.5151,,10238.0,107997.0,166385.0,357483.0,1129503.0,112.1,201.1,92.833,92.563,2219.0,80.2,1275135.0,106.6,23.7,9586.1,11.2,,,
2005-09-01,134593.0,4237.0,198.8,204139.0,1244.0,343711.0,5.0,2151.0,98.6063,,10185.6,106885.0,171808.0,358681.0,1148733.0,114.4,201.3,93.046,93.458,2263.0,78.5,1282763.0,107.5,16.9,9548.8,7.1,14291.8,94.965,14310.8
2005-10-01,134678.0,4277.0,199.1,209844.0,1336.0,344390.0,5.0,2065.0,99.8695,,10234.6,109388.0,176528.0,361610.0,1160818.0,114.5,202.0,93.294,93.594,2170.0,79.4,1291267.0,108.3,12.1,9573.4,4.8,,,
2005-11-01,135015.0,4220.0,198.1,222564.0,1214.0,347047.0,5.0,2147.0,100.9014,,10304.9,110656.0,174746.0,363609.0,1172553.0,112.3,202.5,93.515,93.381,2218.0,80.1,1300312.0,107.6,18.0,9625.4,10.3,,,
2005-12-01,135174.0,4064.0,198.1,220015.0,1239.0,347441.0,4.9,1994.0,101.4873,,10359.6,113277.0,177643.0,368075.0,1184609.0,112.3,202.8,93.633,93.4,2120.0,80.5,1313363.0,107.7,22.9,9665.3,12.9,14373.4,95.514,14508.0
2006-01-01,135452.0,4298.0,199.3,207660.0,1174.0,357626.0,4.7,2273.0,101.6088,,10498.6,115061.0,181741.0,369334.0,1195698.0,113.7,203.2,93.793,93.811,2212.0,80.5,1322938.0,108.5,17.6,9701.1,5.4,,,
2006-02-01,135768.0,4229.0,199.4,217661.0,1061.0,354614.0,4.8,2119.0,101.6839,,10543.4,115652.0,178503.0,372909.0,1205060.0,112.8,203.6,93.926,93.852,2141.0,80.4,1327296.0,108.6,20.9,9733.6,15.3,,,
2006-03-01,136049.0,4493.0,199.7,227670.0,1116.0,356357.0,4.7,1969.0,101.8522,,10562.7,118272.0,180846.0,374669.0,1205018.0,112.7,204.3,94.153,94.007,2118.0,80.5,1340157.0,108.8,33.1,9753.0,14.7,14546.1,96.936,14782.8
2006-04-01,136232.0,4680.0,200.7,214414.0,1123.0,357320.0,4.7,1821.0,102.2952,,10549.1,118672.0,181516.0,379473.0,1192849.0,115.1,204.8,94.39,94.398,1998.0,80.7,1348834.0,109.6,18.5,9771.1,14.2,,,
2006-05-01,136255.0,4389.0,201.3,215979.0,1086.0,356423.0,4.6,1942.0,102.1531,,10539.8,120599.0,185444.0,382353.0,1180699.0,117.2,205.4,94.576,94.609,1905.0,80.5,1363477.0,110.4,18.7,9781.9,13.7,,,
2006-06-01,136337.0,4349.0,201.8,221232.0,1074.0,357763.0,4.6,1802.0,102.522,,10563.3,122053.0,185534.0,385029.0,1172074.0,117.3,205.9,94.803,94.832,1867.0,80.6,1376219.0,111.2,26.4,9790.2,11.7,14589.6,97.047,14805.1
2006-07-01,136544.0,4154.0,202.9,211849.0,965.0,359217.0,4.7,1737.0,102.5057,,10560.4,119803.0,186328.0,388417.0,1157784.0,118.2,206.3,94.913,95.167,1763.0,80.5,1381506.0,111.6,16.6,9836.0,4.0,,,
2006-08-01,136725.0,4560.0,203.8,210303.0,1035.0,360497.0,4.7,1650.0,102.8357,,10558.6,122321.0,190144.0,392613.0,1146049.0,118.8,206.8,95.108,95.467,1722.0,80.6,1391671.0,112.1,11.7,9813.7,12.5,,,
2006-09-01,136883.0,4516.0,202.8,236000.0,1016.0,358468.0,4.5,1720.0,102.6606,,10623.5,123562.0,188497.0,394472.0,1136144.0,116.2,207.2,95.272,95.232,1655.0,80.3,1396955.0,111.7,15.0,9864.5,-0.8,14602.6,97.601,14863.7
2006-10-01,136887.0,4472.0,201.9,216908.0,941.0,358435.0,4.4,1491.0,102.6297,,10684.6,125646.0,184636.0,396159.0,1123281.0,113.3,207.6,95.413,94.979,1570.0,80.1,1401162.0,111.4,18.8,9911.3,2.3,,,
2006-11-01,137095.0,4341.0,202.0,225791.0,1003.0,359256.0,4.5,1570.0,102.539,,10722.4,127445.0,186020.0,400600.0,1122263.0,113.8,207.8,95.45,95.004,1535.0,79.9,1406822.0,111.8,23.0,9927.5,4.5,,,
2006-12-01,137266.0,4278.0,203.1,229389.0,998.0,364300.0,4.4,1649.0,103.6229,,10750.4,128557.0,190149.0,399056.0,1134855.0,115.1,208.1,95.632,95.393,1638.0,80.5,1407550.0,112.5,20.1,9976.5,-1.8,14716.9,98.561,14920.2
2007-01-01,137506.0,4630.0,203.437,218565.0,891.0,363462.0,4.6,1409.0,103.1171,,10759.9,130079.0,187734.0,400300.0,1138412.0,113.7,208.6,95.998,95.689,1626.0,80.0,1412861.0,113.0,7.4,9983.8,7.5,,,
2007-02-01,137596.0,4465.0,204.226,221337.0,828.0,364090.0,4.5,1480.0,104.172,,10788.0,128399.0,186877.0,402004.0,1138752.0,114.1,209.135,96.227,96.005,1598.0,80.6,1418881.0,113.9,24.5,9990.3,3.5,,,
2007-03-01,137785.0,4666.0,205.288,228747.0,833.0,367714.0,4.4,1495.0,104.3501,,10820.6,133133.0,194930.0,404430.0,1146756.0,115.9,209.418,96.305,96.34,1596.0,80.6,1421414.0,114.7,13.3,9997.9,2.8,14726.0,100.887,14882.6
2007-04-01,137864.0,4824.0,205.904,233592.0,887.0,366065.0,4.5,1490.0,105.0975,,10818.3,132458.0,192972.0,405351.0,1150637.0,117.5,209.747,96.397,96.527,1470.0,81.0,1428782.0,115.2,3.9,10018.8,2.9,,,
2007-05-01,138007.0,4550.0,206.755,227743.0,842.0,370887.0,4.4,1415.0,105.1436,,10813.0,135183.0,194470.0,406984.0,1161625.0,118.6,210.058,96.5,96.798,1493.0,80.9,1438234.0,115.5,10.0,10030.3,3.7,,,
2007-06-01,138085.0,4608.0,207.234,229855.0,793.0,367933.0,4.6,1448.0,105.1474,,10800.7,136594.0,196114.0,408454.0,1162937.0,120.0,210.392,96.651,96.997,1407.0,80.7,1445825.0,116.0,24.2,10024.7,17.3,14838.7,100.206,14904.1
2007-07-01,138052.0,4490.0,207.603,238609.0,778.0,369472.0,4.7,1354.0,105.1149,,10825.1,137564.0,197478.0,408796.0,1155029.0,121.5,210.773,96.793,97.141,1361.0,80.6,1447601.0,116.1,26.1,10047.1,6.8,,,
2007-08-01,138028.0,4555.0,207.667,233226.0,699.0,370982.0,4.6,1330.0,105.3166,,10831.6,140485.0,197490.0,410409.0,1158779.0,121.1,211.119,96.956,97.225,1321.0,80.7,1453555.0,116.3,22.8,10080.7,-0.5,,,
2007-09-01,138116.0,4523.0,208.547,225797.0,686.0,373138.0,4.7,1183.0,105.6629,,10859.2,141276.0,199070.0,413663.0,1158334.0,121.8,211.554,97.221,97.601,1261.0,80.9,1461665.0,116.7,14.7,10079.7,7.5,14938.5,99.395,14822.4
2007-10-01,138201.0,4300.0,209.19,229267.0,727.0,375048.0,4.7,1264.0,105.1595,,10839.4,144737.0,201274.0,414494.0,1153031.0,123.6,212.077,97.46,97.883,1192.0,80.5,1466607.0,117.6,25.9,10067.3,7.8,,,
2007-11-01,138316.0,4156.0,210.834,232433.0,641.0,378371.0,4.7,1197.0,105.729,,10828.9,146373.0,206090.0,419444.0,1133745.0,127.5,212.66,97.619,98.373,1224.0,80.9,1476061.0,118.7,26.0,10093.0,6.7,,,
2007-12-01,138413.0,4123.0,211.445,242879.0,619.0,375349.0,5.0,1037.0,105.7256,,10874.9,147269.0,204422.0,424640.0,1114939.0,127.3,213.168,97.857,98.638,1149.0,80.9,1486039.0,119.3,8.6,10085.1,-5.4,14991.8,100.04,14816.6
2008-01-01,138432.0,4260.0,212.174,237274.0,627.0,375303.0,5.0,1084.0,105.4069,,10906.2,150167.0,211306.0,430413.0,1111225.0,129.2,213.771,98.058,98.894,1094.0,80.7,1501539.0,120.7,7.2,10074.7,-18.4,,,
2008-02-01,138346.0,4042.0,212.687,233810.0,593.0,371661.0,4.9,1103.0,105.054,,10925.4,152433.0,216781.0,434859.0,1097981.0,129.5,213.939,98.173,99.11,1014.0,80.5,1508060.0,121.8,-7.3,10045.3,-20.3,,,
2008-03-01,138268.0,4001.0,213.448,230770.0,535.0,371961.0,5.1,1005.0,104.7987,,10948.4,152089.0,212154.0,435828.0,1103225.0,133.5,214.42,98.394,99.416,967.0,80.4,1507598.0,123.8,-14.8,10063.0,-14.7,14889.5,102.04,14842.2
2008-04-01,138058.0,4098.0,213.942,229958.0,536.0,373877.0,5.0,1013.0,104.0207,,10906.9,156756.0,220284.0,442797.0,1101713.0,137.3,214.56,98.514,99.654,1008.0,79.8,1516249.0,124.4,-3.1,10079.5,-21.2,,,
2008-05-01,137873.0,3960.0,215.208,230207.0,504.0,375790.0,5.4,973.0,103.4941,,11431.6,158799.0,220950.0,445480.0,1101282.0,141.2,214.936,98.702,100.091,995.0,79.5,1518473.0,124.8,-3.9,10084.1,-16.1,,,
2008-06-01,137708.0,3767.0,217.463,229634.0,487.0,376584.0,5.6,1046.0,103.3216,,11129.8,163609.0,224279.0,451407.0,1089615.0,145.5,215.424,98.894,100.786,1180.0,79.4,1529914.0,126.1,-8.4,10070.2,-16.8,14963.4,101.119,14832.4
2008-07-01,137499.0,3821.0,219.016,223764.0,477.0,374774.0,5.8,923.0,102.7625,,10954.3,165379.0,232221.0,457317.0,1087047.0,147.5,215.965,99.029,101.218,921.0,78.9,1540430.0,128.0,-5.3,10028.8,-16.2,,,
2008-08-01,137233.0,3665.0,218.69,216357.0,435.0,372091.0,6.1,844.0,101.2245,,10866.7,162658.0,224766.0,461590.0,1069121.0,143.0,216.393,99.147,101.135,858.0,77.7,1541344.0,125.9,-0.8,10026.4,-17.6,,,
2008-09-01,136781.0,3264.0,218.877,210859.0,433.0,366167.0,6.1,820.0,96.8689,,10878.9,153586.0,214086.0,459693.0,1059904.0,137.8,216.713,99.27,101.236,797.0,74.3,1532678.0,124.9,-8.0,9960.0,2.0,14891.6,101.729,14767.0
2008-10-01,136308.0,3292.0,216.995,192059.0,393.0,352900.0,6.5,777.0,97.7617,,10933.0,151364.0,211555.0,453086.0,1056692.0,129.6,216.788,99.261,100.684,736.0,74.9,1517254.0,122.3,-25.7,9915.6,-37.5,,,
2008-11-01,135539.0,2956.0,213.153,183989.0,389.0,339942.0,6.8,652.0,96.5572,,11008.9,142400.0,187123.0,450605.0,1035307.0,120.0,216.947,99.255,99.545,626.0,74.0,1495985.0,118.4,-22.5,9896.5,-40.9,,,
2008-12-01,134844.0,2830.0,211.398,173900.0,377.0,332065.0,7.3,560.0,93.7183,,10969.2,132372.0,174835.0,445208.0,999710.0,114.5,216.925,99.228,99.007,554.0,71.7,1464379.0,115.8,-25.4,9842.1,-37.6,14577.0,103.482,14479.5
2009-01-01,134053.0,2767.0,211.933,153310.0,336.0,336977.0,7.8,490.0,91.5058,,11015.1,125294.0,163136.0,440581.0,969117.0,113.0,217.346,99.259,99.068,545.0,70.0,1446916.0,116.6,-26.4,9884.2,-31.0,,,
2009-02-01,133350.0,2791.0,212.705,145602.0,372.0,335765.0,8.3,582.0,90.934,,10916.0,127342.0,155109.0,432272.0,965485.0,113.0,217.792,99.358,99.284,558.0,69.5,1424654.0,116.3,-34.3,9846.2,-39.6,,,
2009-03-01,132527.0,2491.0,212.495,145571.0,339.0,330219.0,8.7,505.0,89.5012,,10916.6,125998.0,155161.0,423761.0,958519.0,113.6,218.253,99.48,99.193,513.0,68.3,1404704.0,115.5,-33.8,9822.1,-34.4,14375.0,100.14,14257.8
2009-04-01,131841.0,2357.0,212.709,144239.0,337.0,331314.0,9.0,478.0,88.7058,,10976.4,124390.0,154095.0,417893.0,927456.0,114.8,218.706,99.737,99.34,521.0,67.7,1387702.0,116.1,-19.4,9806.6,-25.3,,,
2009-05-01,131490.0,2427.0,213.022,150641.0,376.0,334290.0,9.4,540.0,87.7758,,11147.2,126221.0,151593.0,412663.0,913727.0,116.8,218.904,99.84,99.474,556.0,67.0,1370298.0,116.6,-6.1,9811.4,-22.4,,,
2009-06-01,131020.0,2428.0,214.79,145782.0,393.0,339532.0,9.5,585.0,87.4125,,10958.0,128891.0,155258.0,406457.0,907196.0,120.0,219.112,99.974,100.067,601.0,66.7,1353860.0,117.8,-10.0,9801.1,0.3,14355.6,100.66,14259.2
2009-07-01,130691.0,2196.0,214.726,156180.0,411.0,340286.0,9.5,594.0,88.3209,,10919.5,130848.0,163637.0,400364.0,906087.0,119.3,219.263,99.991,100.02,595.0,67.4,1339022.0,117.4,-0.1,9833.3,-6.6,,,
2009-08-01,130479.0,2306.0,215.445,157966.0,418.0,346705.0,9.6,586.0,89.2996,,10892.4,131438.0,162705.0,395611.0,893746.0,121.1,219.496,100.11,100.288,616.0,68.2,1319852.0,118.1,12.8,9933.4,8.9,,,
2009-09-01,130260.0,2478.0,215.861,157328.0,386.0,338356.0,9.8,585.0,89.9908,,10907.1,136142.0,170632.0,391004.0,882793.0,121.3,219.92,100.291,100.454,609.0,68.8,1314699.0,117.9,21.0,9830.9,14.9,14402.5,99.898,14328.1
2009-10-01,130060.0,2400.0,216.509,162553.0,396.0,341590.0,10.0,534.0,90.2527,,10862.6,140401.0,174228.0,392490.0,866972.0,122.3,220.501,100.581,100.764,583.0,69.1,1322088.0,117.9,33.3,9849.5,12.6,,,
2009-11-01,130053.0,2350.0,217.234,161811.0,375.0,344911.0,9.9,588.0,90.6331,100.2,10888.0,141370.0,178573.0,398592.0,853896.0,124.1,220.666,100.666,100.997,623.0,69.5,1330686.0,118.9,25.8,9848.1,15.4,,,
2009-12-01,129774.0,2407.0,217.347,159408.0,352.0,346258.0,9.9,581.0,90.8895,100.3,10925.7,144718.0,182700.0,397020.0,838737.0,124.4,220.881,100.713,101.052,664.0,69.8,1329577.0,119.7,5.2,9896.8,16.6,14541.9,99.319,14528.3
2010-01-01,129802.0,2636.0,217.488,182190.0,345.0,346349.0,9.8,614.0,91.9065,101.2,10906.7,144013.0,181167.0,397177.0,814452.0,125.9,220.633,100.807,101.234,636.0,70.8,1331369.0,120.7,15.1,9881.7,12.9,,,
2010-02-01,129733.0,2578.0,217.281,176104.0,336.0,346972.0,9.8,604.0,92.2135,101.0,10887.5,145059.0,186093.0,398452.0,808245.0,125.8,220.731,100.89,101.248,650.0,71.2,1338781.0,120.3,21.5,9911.3,14.0,,,
2010-03-01,129896.0,2666.0,217.353,180182.0,381.0,354625.0,9.9,636.0,92.8133,101.1,10912.0,149262.0,189028.0,400709.0,815113.0,126.3,220.783,101.033,101.363,687.0,71.8,1347526.0,121.2,19.7,9960.1,14.3,14604.8,98.113,14547.3
2010-04-01,130139.0,3220.0,217.403,187405.0,422.0,357086.0,9.9,687.0,93.1984,101.4,10993.2,147800.0,188664.0,401553.0,825199.0,127.7,220.822,101.061,101.349,637.0,72.2,1353583.0,122.5,27.3,9972.7,16.0,,,
2010-05-01,130661.0,2891.0,217.29,186349.0,280.0,354430.0,9.6,583.0,94.6492,101.6,11067.0,152502.0,193834.0,403494.0,821833.0,126.7,220.962,101.182,101.392,575.0,73.5,1355176.0,123.1,18.0,10001.3,22.2,,,
2010-06-01,130528.0,2664.0,217.199,186485.0,305.0,353830.0,9.4,536.0,94.8328,101.4,11071.3,152069.0,198626.0,405845.0,822777.0,125.2,221.194,101.288,101.447,587.0,73.8,1366683.0,122.2,19.7,10021.2,15.1,14745.9,98.893,14648.6
2010-07-01,130458.0,2965.0,217.605,189532.0,283.0,354536.0,9.4,546.0,95.2539,101.6,11080.5,155434.0,195847.0,410771.0,796903.0,125.2,221.363,101.345,101.569,579.0,74.3,1378218.0,122.0,5.1,10027.4,7.8,,,
2010-08-01,130424.0,2920.0,217.923,192145.0,282.0,356560.0,9.5,599.0,95.6092,101.8,11114.7,156016.0,200937.0,415843.0,798360.0,125.7,221.509,101.442,101.713,580.0,74.7,1389628.0,123.0,10.2,10074.8,3.7,,,
2010-09-01,130372.0,2767.0,218.275,200308.0,317.0,359440.0,9.5,594.0,95.8794,102.1,11101.2,156896.0,200937.0,422512.0,803378.0,125.7,221.711,101.488,101.807,563.0,75.0,1406603.0,123.7,10.1,10087.1,4.0,14845.5,98.839,14839.5
2010-10-01,130629.0,3033.0,219.035,194686.0,291.0,363855.0,9.4,543.0,95.6362,102.5,11128.3,162730.0,202727.0,431258.0,798831.0,127.1,221.83,101.559,102.045,558.0,74.9,1420992.0,124.7,15.6,10136.8,0.3,,,
2010-11-01,130752.0,2914.0,219.59,196672.0,287.0,367352.0,9.8,545.0,95.7002,102.8,11160.8,164418.0,202180.0,434309.0,798208.0,129.2,222.149,101.665,102.211,560.0,75.0,1430814.0,126.6,-7.4,10175.2,19.2,,,
2010-12-01,130840.0,2857.0,220.472,194933.0,326.0,369299.0,9.3,539.0,96.4959,103.1,11239.0,167408.0,208223.0,441058.0,786597.0,131.0,222.343,101.667,102.455,632.0,75.7,1447968.0,127.5,11.8,10186.4,15.5,14939.0,98.878,14904.9
2011-01-01,130882.0,2939.0,221.187,204711.0,307.0,372041.0,9.1,630.0,96.4283,103.7,11297.4,168932.0,216055.0,444374.0,754710.0,133.0,222.803,101.808,102.685,576.0,75.7,1458858.0,129.1,9.6,10201.2,16.5,,,
2011-02-01,131070.0,3056.0,221.898,194236.0,270.0,375003.0,9.0,517.0,96.0111,104.3,11329.0,167437.0,211155.0,449434.0,757019.0,135.3,223.213,101.983,102.966,542.0,75.4,1467507.0,130.8,12.0,10210.0,29.0,,,
2011-03-01,131295.0,3130.0,223.046,211908.0,300.0,378472.0,9.0,600.0,96.8407,105.0,11312.4,175373.0,218851.0,454289.0,768276.0,139.3,223.454,102.131,103.356,583.0,76.0,1486908.0,132.7,12.2,10240.2,36.5,14881.3,101.495,14924.4
2011-04-01,131641.0,3287.0,224.093,200903.0,310.0,380284.0,9.1,554.0,96.4337,105.5,11282.8,177458.0,219684.0,456729.0,768555.0,142.9,223.727,102.384,103.808,581.0,75.7,1500503.0,133.8,19.1,10235.2,12.9,,,
2011-05-01,131714.0,3114.0,224.806,206091.0,305.0,380398.0,9.0,561.0,96.6227,105.8,11277.1,177451.0,224671.0,465920.0,775999.0,143.1,224.175,102.628,104.144,618.0,75.8,1516439.0,134.3,10.0,10229.5,6.2,,,
2011-06-01,131949.0,3224.0,224.806,199884.0,301.0,383081.0,9.1,608.0,96.8573,105.9,11325.8,175611.0,225043.0,471032.0,797238.0,142.2,224.697,102.767,104.179,636.0,75.9,1524898.0,134.5,-5.5,10248.3,-0.3,14989.6,100.595,14996.1
2011-07-01,132019.0,3475.0,225.395,208592.0,296.0,382966.0,9.0,623.0,97.3169,106.1,11371.2,180121.0,225810.0,474156.0,792089.0,142.4,225.218,102.942,104.38,621.0,76.2,1529735.0,134.0,-6.3,10277.2,7.2,,,
2011-08-01,132126.0,3168.0,226.106,215290.0,299.0,383541.0,9.0,585.0,97.7956,106.3,11363.5,180455.0,225423.0,475937.0,805366.0,141.9,225.862,103.157,104.618,647.0,76.5,1538486.0,134.6,-3.6,10271.6,-19.4,,,
2011-09-01,132372.0,3495.0,226.597,208277.0,304.0,387313.0,9.0,650.0,97.7474,106.7,11330.8,182398.0,225703.0,472095.0,807010.0,141.7,226.118,103.23,104.787,610.0,76.4,1533929.0,135.3,-4.0,10297.9,-11.5,15021.1,101.409,15093.1
2011-10-01,132574.0,3421.0,226.75,208553.0,316.0,390302.0,8.8,610.0,98.4096,106.3,11340.8,181683.0,226645.0,476937.0,802658.0,141.2,226.506,103.371,104.851,671.0,76.8,1545524.0,132.6,-5.1,10326.8,6.2,,,
2011-11-01,132720.0,3153.0,227.169,216970.0,328.0,391478.0,8.6,711.0,98.281,106.6,11329.3,179589.0,226633.0,478647.0,806301.0,142.2,226.899,103.539,104.999,706.0,76.5,1552965.0,132.7,4.9,10313.3,4.0,,,
2011-12-01,132927.0,3369.0,227.223,226853.0,341.0,391695.0,8.5,694.0,98.6739,106.5,11416.0,180513.0,229973.0,485328.0,814989.0,142.2,227.405,103.656,105.018,697.0,76.7,1561441.0,132.1,11.5,10310.2,2.4,15190.3,99.397,15217.0
2012-01-01,133265.0,3664.0,227.86,224549.0,335.0,395280.0,8.3,723.0,99.3787,106.9,11495.2,180073.0,231056.0,486011.0,823375.0,142.2,227.869,103.94,105.325,715.0,77.1,1568406.0,132.5,11.4,10354.4,7.4,,,
2012-02-01,133522.0,3501.0,228.377,223657.0,366.0,400181.0,8.3,704.0,99.6578,107.2,11559.0,182640.0,226210.0,493015.0,825163.0,142.2,228.063,104.081,105.56,733.0,77.1,1581826.0,133.1,17.4,10398.0,10.7,,,
2012-03-01,133761.0,3852.0,228.894,221505.0,354.0,401830.0,8.2,695.0,98.9579,107.4,11589.0,186316.0,236533.0,494501.0,828668.0,144.2,228.49,104.282,105.804,797.0,76.4,1588787.0,134.1,15.4,10384.7,8.9,15291.0,101.543,15500.4
2012-04-01,133836.0,3663.0,229.286,219540.0,354.0,400095.0,8.2,753.0,99.8396,107.6,11620.0,185030.0,232284.0,497964.0,834951.0,144.1,228.915,104.461,105.943,747.0,76.9,1595510.0,134.7,7.6,10399.5,5.6,,,
2012-05-01,133951.0,3706.0,228.722,217293.0,370.0,399463.0,8.2,708.0,100.0042,107.6,11632.1,185070.0,231041.0,499293.0,849347.0,142.0,229.241,104.588,105.868,807.0,76.9,1601668.0,134.0,13.6,10400.2,-0.7,,,
2012-06-01,134038.0,3792.0,228.506,219155.0,360.0,395723.0,8.2,757.0,100.0318,107.3,11657.8,185286.0,228746.0,501984.0,859250.0,138.7,229.686,104.718,105.844,790.0,76.8,1606673.0,131.7,1.5,10390.3,-12.4,15362.4,101.516,15522.8
2012-07-01,134181.0,3694.0,228.475,224520.0,369.0,397516.0,8.2,740.0,100.3132,107.2,11626.4,184336.0,227706.0,507164.0,857301.0,137.7,229.956,104.831,105.88,840.0,76.8,1618075.0,132.2,2.5,10422.2,-12.6,,,
2012-08-01,134371.0,3655.0,229.844,202185.0,375.0,401937.0,8.1,754.0,99.8389,107.5,11605.6,183265.0,227372.0,509466.0,857558.0,139.4,230.205,104.89,106.238,832.0,76.3,1627178.0,133.4,-2.2,10405.9,-2.3,,,
2012-09-01,134552.0,3533.0,230.987,215073.0,385.0,405707.0,7.8,847.0,99.9599,108.2,11660.2,188647.0,228711.0,515873.0,862358.0,140.8,230.618,105.014,106.576,921.0,76.3,1637311.0,134.5,-6.4,10444.3,-0.9,15380.8,101.783,15517.1
2012-10-01,134684.0,3713.0,231.655,219319.0,358.0,405598.0,7.8,915.0,100.2146,108.3,11729.1,182988.0,226029.0,515170.0,870362.0,141.2,231.013,105.271,106.886,895.0,76.3,1639501.0,134.6,-3.5,10426.9,-1.2,,,
2012-11-01,134833.0,3556.0,231.278,217917.0,392.0,407327.0,7.7,833.0,100.7651,108.4,11884.7,185747.0,232414.0,519864.0,866855.0,140.2,231.298,105.377,106.768,930.0,76.6,1645933.0,133.8,-0.8,10454.3,-10.6,,,
2012-12-01,135076.0,3576.0,231.272,229811.0,399.0,409468.0,7.9,976.0,101.0382,108.5,12194.8,189591.0,227661.0,520341.0,865730.0,139.4,231.701,105.442,106.758,938.0,76.7,1649980.0,133.6,-6.0,10478.5,2.4,15384.3,104.979,15650.6
2013-01-01,135266.0,3712.0,231.641,217899.0,442.0,412207.0,8.0,888.0,100.9614,108.7,11435.5,188751.0,229794.0,524138.0,857410.0,140.1,232.244,105.676,106.956,928.0,76.6,1664747.0,134.1,-7.6,10495.5,-1.6,,,
2013-02-01,135577.0,3972.0,233.005,229948.0,439.0,416783.0,7.7,970.0,101.4781,108.9,11432.8,190448.0,233066.0,522415.0,871574.0,141.3,232.653,105.808,107.365,971.0,76.9,1665488.0,135.1,8.9,10509.1,-4.8,,,
2013-03-01,135712.0,3901.0,232.313,211676.0,449.0,412514.0,7.5,999.0,101.6302,108.8,11445.1,188248.0,224197.0,522759.0,865844.0,141.2,232.813,105.904,107.232,932.0,76.9,1663571.0,134.4,5.3,10502.3,2.3,15491.9,102.33,15642.7
2013-04-01,135904.0,3962.0,231.856,221018.0,451.0,413391.0,7.6,826.0,101.5825,108.7,11449.8,189485.0,228412.0,523862.0,877799.0,140.2,232.854,105.968,107.138,1015.0,76.8,1667106.0,133.6,4.2,10504.4,0.6,,,
2013-05-01,136122.0,3886.0,231.895,231237.0,430.0,414207.0,7.5,920.0,101.6016,108.6,11517.9,188438.0,231277.0,520521.0,882693.0,139.4,233.081,106.087,107.185,1016.0,76.7,1663950.0,132.9,-2.1,10523.6,0.5,,,
2013-06-01,136268.0,3913.0,232.357,239620.0,463.0,415989.0,7.5,852.0,101.8221,109.0,11545.5,191198.0,227163.0,521060.0,893248.0,138.8,233.429,106.236,107.366,951.0,76.8,1663664.0,132.8,4.8,10543.8,12.9,15521.6,103.945,15719.8
2013-07-01,136408.0,3915.0,232.749,216297.0,376.0,417962.0,7.3,891.0,101.2443,109.3,11538.9,190614.0,228284.0,522047.0,909513.0,138.9,233.844,106.343,107.48,986.0,76.4,1668921.0,132.6,4.3,10554.0,15.9,,,
2013-08-01,136677.0,3921.0,233.249,220679.0,380.0,417101.0,7.3,898.0,101.9928,109.3,11573.5,190719.0,228802.0,526015.0,914609.0,139.4,234.293,106.468,107.633,947.0,76.9,1677150.0,131.9,10.7,10564.1,8.4,,,
2013-09-01,136862.0,3985.0,233.642,229220.0,399.0,417682.0,7.2,860.0,102.4847,109.4,11602.8,190791.0,232108.0,528707.0,924361.0,139.8,234.624,106.584,107.762,1015.0,77.2,1684967.0,132.4,8.3,10601.3,19.2,15641.3,103.806,15752.0
2013-10-01,137051.0,4104.0,233.799,224830.0,444.0,419686.0,7.2,921.0,102.4287,109.6,11572.2,194342.0,232143.0,534357.0,937982.0,138.9,234.878,106.776,107.914,1031.0,77.1,1695757.0,131.6,5.3,10624.7,12.9,,,
2013-11-01,137342.0,3878.0,234.21,236964.0,446.0,421056.0,6.9,1104.0,102.7732,109.7,11602.3,195830.0,230681.0,539012.0,948850.0,137.7,235.278,106.951,108.078,1042.0,77.4,1706023.0,131.8,2.2,10679.6,4.4,,,
2013-12-01,137387.0,3742.0,234.847,229057.0,441.0,422891.0,6.7,1010.0,102.9513,109.8,11615.4,194591.0,229405.0,541205.0,961996.0,137.8,235.69,107.076,108.275,1013.0,77.5,1714804.0,132.3,2.5,10682.3,3.2,15793.9,103.305,15851.3
2014-01-01,137574.0,3884.0,235.436,221834.0,447.0,419195.0,6.6,902.0,102.4621,110.1,11658.2,194756.0,233590.0,543909.0,977072.0,138.3,236.022,107.234,108.518,1001.0,77.0,1723614.0,132.7,12.3,10655.0,14.9,,,
2014-02-01,137742.0,4098.0,235.621,229392.0,423.0,424657.0,6.7,948.0,103.2919,110.3,11723.9,193829.0,234654.0,547290.0,984715.0,139.8,236.288,107.324,108.582,1032.0,77.6,1731101.0,133.7,6.1,10712.4,3.3,,,
2014-03-01,138014.0,4202.0,235.897,234525.0,410.0,429707.0,6.7,973.0,104.0896,110.6,11793.9,198000.0,238855.0,552444.0,993293.0,140.5,236.649,107.538,108.764,1078.0,78.1,1737184.0,134.9,3.6,10771.1,13.4,15747.0,105.847,15932.3
2014-04-01,138324.0,4575.0,236.495,236771.0,401.0,433082.0,6.2,1038.0,104.2409,110.8,11826.5,197463.0,241483.0,557540.0,1002975.0,139.7,237.103,107.741,109.005,1080.0,78.1,1744407.0,133.5,3.5,10786.2,17.5,,,
2014-05-01,138537.0,4603.0,236.803,231610.0,452.0,434161.0,6.3,987.0,104.6541,111.0,11875.4,199767.0,240841.0,558966.0,1004783.0,140.1,237.596,107.932,109.151,1007.0,78.4,1751616.0,133.7,16.3,10802.1,19.3,,,
2014-06-01,138843.0,4690.0,237.016,236382.0,416.0,435587.0,6.1,928.0,105.1223,111.0,11932.1,198682.0,239422.0,559832.0,1003922.0,140.5,237.903,108.056,109.243,1015.0,78.6,1752961.0,133.0,16.4,10851.8,14.3,15900.8,104.865,16142.4
2014-07-01,139075.0,4680.0,237.259,290825.0,402.0,435429.0,6.2,1085.0,105.2073,111.4,11955.2,199760.0,239047.0,561074.0,1004153.0,140.1,238.176,108.225,109.39,1053.0,78.5,1759766.0,133.1,19.5,10859.2,20.7,,,
2014-08-01,139293.0,4952.0,237.163,237207.0,449.0,438598.0,6.2,984.0,105.1989,111.3,12009.6,200088.0,238529.0,564921.0,1000978.0,139.0,238.375,108.285,109.378,1045.0,78.3,1764202.0,132.4,17.6,10940.3,23.0,,,
2014-09-01,139579.0,4658.0,237.51,234316.0,466.0,437932.0,5.9,999.0,105.575,111.1,12026.7,197974.0,239661.0,565859.0,1004614.0,137.9,238.7,108.412,109.506,1062.0,78.4,1766271.0,131.9,30.2,10939.1,20.4,16094.5,104.8,16321.2
2014-10-01,139779.0,4896.0,237.651,232463.0,474.0,439829.0,5.7,1094.0,105.6441,111.3,12080.1,200236.0,241260.0,568614.0,1029293.0,136.0,239.13,108.53,109.541,1123.0,78.3,1770307.0,130.7,8.4,11000.2,17.7,,,
2014-11-01,140110.0,4721.0,237.261,228448.0,446.0,441445.0,5.8,994.0,106.6868,111.1,12126.8,198567.0,238207.0,574890.0,1029669.0,133.5,239.309,108.613,109.468,1073.0,78.9,1775050.0,129.5,12.0,11049.7,34.8,,,
2014-12-01,140402.0,4815.0,236.464,225136.0,492.0,437996.0,5.6,1081.0,106.5182,110.8,12163.4,197455.0,241205.0,576240.0,1042544.0,130.1,239.502,108.682,109.255,1070.0,78.6,1777829.0,128.3,-3.4,11059.2,20.3,16186.7,106.142,16480.7
2015-01-01,140623.0,4972.0,234.954,229217.0,524.0,435881.0,5.7,1101.0,105.9906,110.1,12171.1,191968.0,234024.0,576534.0,1038081.0,126.0,239.915,108.748,108.802,1073.0,78.0,1776099.0,126.1,11.8,11081.3,12.5,,,
2015-02-01,140888.0,5131.0,235.415,221503.0,549.0,433579.0,5.5,893.0,105.8576,109.6,12191.4,189852.0,226121.0,579969.0,1047682.0,125.5,240.304,108.893,108.972,1114.0,77.7,1781993.0,125.9,9.6,11092.6,12.5,,,
2015-03-01,140972.0,5180.0,235.859,235120.0,490.0,440463.0,5.4,964.0,105.515,109.6,12186.5,190448.0,238637.0,581609.0,1062440.0,125.3,240.797,109.084,109.162,1071.0,77.3,1783657.0,125.9,4.5,11133.2,8.6,16269.0,106.335,16544.3
2015-04-01,141223.0,5580.0,236.197,231515.0,500.0,440355.0,5.4,1192.0,105.2732,109.6,12260.3,191675.0,232560.0,582432.0,1094250.0,125.1,241.392,109.249,109.252,1178.0,76.9,1789893.0,125.1,-0.8,11149.7,10.4,,,
2015-05-01,141496.0,5386.0,236.876,223541.0,507.0,444400.0,5.5,1063.0,105.0259,110.1,12304.1,190361.0,230531.0,586181.0,1112167.0,126.5,241.672,109.384,109.494,1266.0,76.6,1792015.0,125.7,2.3,11195.1,8.2,,,
2015-06-01,141724.0,5168.0,237.423,234699.0,472.0,444747.0,5.3,1213.0,104.8599,110.4,12335.4,190347.0,233320.0,589442.0,1130490.0,126.6,242.089,109.522,109.67,1334.0,76.4,1804400.0,125.3,-4.1,11199.2,8.1,16374.2,107.267,16567.8
2015-07-01,142001.0,5788.0,237.734,236630.0,498.0,447112.0,5.2,1147.0,105.4755,110.5,12365.9,190106.0,230006.0,588333.0,1135850.0,125.4,242.464,109.642,109.789,1142.0,76.7,1803388.0,124.8,0.1,11229.1,2.9,,,
2015-08-01,142151.0,5308.0,237.703,229846.0,505.0,447738.0,5.1,1132.0,105.5783,110.3,12403.1,186620.0,231259.0,589556.0,1145216.0,123.2,242.753,109.753,109.799,1166.0,76.7,1803646.0,123.0,-12.0,11253.1,5.4,,,
2015-09-01,142300.0,5360.0,237.489,223693.0,457.0,447641.0,5.0,1189.0,105.3072,109.8,12427.6,187550.0,228622.0,590631.0,1152122.0,121.9,243.224,109.913,109.764,1129.0,76.4,1808016.0,122.3,-12.2,11285.5,-4.8,16454.9,107.493,16669.0
2015-10-01,142595.0,5422.0,237.949,234513.0,478.0,446489.0,5.0,1073.0,105.1649,109.6,12461.6,185587.0,227186.0,589901.0,1134381.0,121.5,243.701,109.979,109.845,1175.0,76.3,1805080.0,122.0,-10.4,11290.8,-4.9,,,
2015-11-01,142875.0,5198.0,238.302,232507.0,508.0,448724.0,5.0,1171.0,104.4871,109.7,12477.3,183576.0,224698.0,587209.0,1135470.0,120.8,244.139,110.116,109.961,1286.0,75.7,1800668.0,121.1,-9.6,11315.5,-4.3,,,
2015-12-01,143146.0,5281.0,238.041,223402.0,538.0,450484.0,5.0,1160.0,104.0452,109.6,12534.1,183074.0,224561.0,587178.0,1133678.0,119.3,244.516,110.191,109.871,1201.0,75.4,1801193.0,119.8,-7.3,11351.5,-11.3,16490.7,108.984,16730.3
2016-01-01,143314.0,5604.0,238.107,231756.0,526.0,448041.0,4.9,1128.0,104.5495,110.0,12545.8,179069.0,222096.0,586160.0,1144928.0,117.8,245.232,110.494,109.999,1188.0,75.7,1800048.0,118.7,-16.8,11344.9,-5.3,,,
2016-02-01,143547.0,5608.0,237.707,224081.0,525.0,449294.0,4.9,1213.0,104.414,109.7,12546.4,181003.0,226262.0,582888.0,1157704.0,117.2,245.925,110.702,109.917,1162.0,75.6,1798344.0,118.2,-14.5,11376.4,-3.8,,,
2016-03-01,143733.0,5670.0,237.92,228499.0,537.0,447907.0,5.0,1113.0,103.4255,109.5,12575.8,178798.0,215729.0,584254.0,1176380.0,117.7,246.095,110.776,109.991,1077.0,74.9,1804490.0,118.1,-1.5,11374.4,10.6,16525.0,108.892,16763.9
2016-04-01,143877.0,5845.0,238.89,235729.0,570.0,453397.0,5.0,1155.0,103.8385,109.8,12618.2,181850.0,220041.0,588382.0,1142525.0,118.5,246.574,110.995,110.351,1130.0,75.2,1807046.0,118.7,8.4,11457.1,-1.2,,,
2016-05-01,143901.0,5514.0,239.403,228827.0,566.0,454135.0,4.7,1128.0,103.6937,110.1,12647.0,181577.0,223412.0,589318.0,1143750.0,119.9,247.064,111.182,110.54,1136.0,75.1,1809950.0,120.0,-9.0,11475.3,-1.5,,,
2016-06-01,144172.0,5643.0,239.907,219055.0,558.0,457409.0,4.9,1195.0,104.2222,110.7,12676.5,183003.0,227723.0,591002.0,1154134.0,120.7,247.468,111.273,110.666,1153.0,75.4,1813811.0,120.9,3.7,11522.2,4.1,16583.1,110.548,16793.4
2016-07-01,144424.0,5831.0,239.81,226948.0,622.0,457849.0,4.9,1218.0,104.5225,110.5,12717.8,186351.0,225978.0,590191.0,1160407.0,120.8,247.689,111.441,110.725,1144.0,75.6,1813191.0,121.1,-0.5,11557.5,-0.9,,,
2016-08-01,144600.0,5453.0,240.301,227470.0,559.0,457722.0,4.9,1164.0,104.4351,110.3,12726.5,187991.0,228632.0,589449.0,1166513.0,120.5,248.332,111.659,110.902,1152.0,75.5,1816874.0,120.1,-3.2,11546.2,4.3,,,
2016-09-01,144808.0,5631.0,241.002,228204.0,568.0,462284.0,4.9,1052.0,104.198,110.6,12742.7,189774.0,225940.0,589853.0,1164432.0,120.6,248.611,111.778,111.135,1225.0,75.3,1817028.0,120.5,-1.2,11603.3,11.6,16727.0,110.747,16990.2
2016-10-01,144943.0,5451.0,241.863,239530.0,571.0,465321.0,4.8,1320.0,104.4011,110.6,12768.2,186281.0,228641.0,589412.0,1171436.0,121.1,248.981,111.925,111.424,1260.0,75.4,1814456.0,120.8,-5.5,11619.3,11.1,,,
2016-11-01,145147.0,5522.0,242.348,227987.0,598.0,466167.0,4.6,1102.0,103.7106,111.0,12761.7,185833.0,231072.0,595305.0,1182097.0,120.9,249.357,111.93,111.47,1212.0,74.9,1827497.0,120.7,2.2,11636.1,8.7,,,
2016-12-01,145303.0,,243.032,227018.0,536.0,469092.0,4.7,1226.0,104.5712,111.3,,,,,,121.4,249.93,,,1228.0,75.5,,121.1,7.6,,19.7,16804.8,,
2017-01-01,,,,,,,,,,,,,,,,,,,,,,,,6.5,,23.6,,,
